TGTGCCAGCAGCTTAACAGGGGGCGGAACAGACACTGAAGCTTTCTTT	2.808541363020368e-12	CASSLTGGGTDTEAFF	1.1111648635335277e-09
TGCGCCAGCGAACGGGACGGCGAGACCCAGTACTTC	9.953859113002352e-12	CASERDGETQYF	5.3214819074559015e-09
TGTGCCAGTAGATGTGGACAATCCCGACCGGATGCCTACGAGCAGTACTTC	3.2080744951039586e-20	CASRCGQSRPDAYEQYF	6.991889051756648e-15
TGTGCCACCAAGGGCGTGACAGAATCTGGGGCCAACGTCCTGACTTTC	1.2806042904744667e-14	CATKGVTESGANVLTF	2.767391461251896e-12
TGTGCCAGCAGTGTGGCGACACTTAGCGCGTACGAGCAGTACTTC	2.177210071733707e-16	CASSVATLSAYEQYF	2.8678222660542827e-10
TGTGCCAGCAGCTACGAGGGCGGTAGACATAGCAATCAGCCCCAGCATTTT	5.3330380934410784e-14	CASSYEGGRHSNQPQHF	4.362360292374967e-10
TGTGCCAGCTCACCTGCGGGGGTCACCGGGGAGCTGTTTTTT	4.5974248021942685e-11	CASSPAGVTGELFF	4.419340273590068e-08
TGTGCCAGCAGTGGATGGCGGGGGAGACGCTACGAGCAGTACTTC	1.5965593134071622e-13	CASSGWRGRRYEQYF	3.7105698997621064e-10
TGTGCCAGCAGCACGGCGTACCTCCGGGACAGGGGAGATCAGCCCCAGCATTTT	1.1015863645632064e-15	CASSTAYLRDRGDQPQHF	3.8691444401649595e-13
TGTGCCAGTAGTATAGAGCCGCACGGGGAGGGTACCACTGAAGCTTTCTTT	6.713710072083639e-17	CASSIEPHGEGTTEAFF	4.902209324333652e-14
TGTGCCAGCAGCGGGGGTAGTTACGAGCAGTACTTC	4.921438975609588e-09	CASSGGSYEQYF	4.639590529423948e-06
TGCGCCAGCAGTGAGCTTAAGCAGGGTCACACTGAAGCTTTCTTT	4.2636228961343906e-13	CASSELKQGHTEAFF	3.349619580322189e-10
TGTGCCAGCAGTTACAGGCAGTCAAACATTCAGTACTTC	1.6978609810200033e-11	CASSYRQSNIQYF	1.0877143604420988e-09
TGTGCCAGCAGCACCTTTCGGAGTAATACGCCCCAGCATTTT	4.996855132177556e-16	CASSTFRSNTPQHF	1.9060008704418667e-13
TGTGCCAGCAGTGAACCCAATGGACACTATGGCTACACCTTC	1.1691520764843004e-11	CASSEPNGHYGYTF	4.863772180904841e-10
TGTGCCAGCAGCTGGCGAGCGGGATGGGGGGGGGCCAACGGGAGCTACGAGCAGTACTTC	7.555178158544681e-21	CASSWRAGWGGANGSYEQYF	2.4465614401843075e-16
TGTGCCGCCTCACCGACCTGGGGGGGGGCCAAAAACATTCAGTACTTC	3.4500028970478205e-17	CAASPTWGGAKNIQYF	6.303919765202484e-14
TGTGCCAGCAGAAGAAATCGTTCCAGTGGTTGGAATCAGCCCCAGCATTTT	1.0374323090732503e-18	CASRRNRSSGWNQPQHF	5.142510795545937e-14
TGTGCCAGCAGCTTGAGTCTTACCGGACAGGGATATCTCGGAACCCTCGCCAATCAGCCCCAGCATTTT	3.978075893075463e-26	CASSLSLTGQGYLGTLANQPQHF	1.2089037885099053e-18
TGTGCCCGCGTCCCCCCGCGAAGAGAGACCCAGTACTTC	6.601432136187192e-16	CARVPPRRETQYF	9.672482647148036e-11
