CDR3	cluster
CASSLSRNSNQPQYF	0
CASSLSRQSNQPQYF	0
CASSLDRRSNQPQYF	0
CASSLDRVSNQPQYF	0
CASSQGRGSNQPQYF	0
CASSQGRISNQPQYF	0
CASSLSRISNQPQYF	0
CASSLSRVSNQPQYF	0
CASSLNRLGNQPQYF	0
CASSLNRLSNQPQYF	0
CASSLDRGSNQPQYF	0
CASSLNRGSNQPQYF	0
CASSLTRVSNQPQYF	0
CASSLNRNSNQPQYF	0
CASSSDRSSNQPQYF	0
CASSSDRVSNQPQYF	0
CASSLGRNSNQPQYF	0
CASSSGRNSNQPQYF	0
CASSLSRSSNQPQYF	0
CASKQNRNSNQPQYF	0
CASSQNRNSNQPQYF	0
CASSPDRVSNQPQYF	0
CASSLSRMSNQPQYF	0
CASSPSRGSNQPQYF	0
CASSSSRGSNQPQYF	0
CASSLGRASNQPQYF	0
CASSRGRASNQPQYF	0
CASSQGRLSNQPQYF	0
CASSQGRQSNQPQYF	0
CASSHDRRSNQPQYF	0
CASSIDRRSNQPQYF	0
CASSLSRQNNQPQYF	0
CASSLSRQTNQPQYF	0
CASSSDRRSNQPQYF	0
CASSLRRGSNQPQYF	0
CASSLGRMSNQPQYF	0
CASSLNRQSNQPQYF	0
CASSLNRVSNQPQYF	0
CASSLDRTSNQPQYF	0
CASSLSRTSNQPQYF	0
CASSLSRGSNQPQYF	0
CASSLVRGSNQPQYF	0
CASSLYRGSNQPQYF	0
CASSVNRVSNQPQYF	0
CASSVSRVSNQPQYF	0
CASSPDRRSNQPQYF	0
CASSVDRTSNQPQYF	0
CASSLARGSNQPQYF	0
CASSQDRVSNQPQYF	0
CASSRDRVSNQPQYF	0
CASSLDRVANQPQYF	0
CASSPGRNSNQPQYF	0
CASSLERTSNQPQYF	0
CASSLFRGSNQPQYF	0
CASSPTRGSNQPQYF	0
CASSPDRGSNQPQYF	0
CASSQDRQSNQPQYF	0
CASSIDKRSNQPQYF	0
CASSISRTSNQPQYF	0
CASSSSRQSNQPQYF	0
CASSFNRNSNQPQYF	0
CASSQGRLGNQPQYF	0
CASSLSRGGNQPQYF	0
CASSSVRGSNQPQYF	0
CASSLDRISNQPQYF	0
CASSPRRGSNQPQYF	0
CASTVDRTSNQPQYF	0
CASSPNRLSNQPQYF	0
CASSIDRVSNQPQYF	0
CASRLTRVSNQPQYF	0
CASKISRTSNQPQYF	0
CASTLSRGSNQPQYF	0
CASSANRVSNQPQYF	0
CASSPDRRTNQPQYF	0
CASSQDRPSNQPQYF	0
CASSLSRVSPQPQYF	0
CASSRGRGSNQPQYF	0
CASSSTRNSNQPQYF	0
CASSDDSAETLYF	1
CASSQDSAETLYF	1
CASGGDSAETLYF	1
CASGGESAETLYF	1
CASSGGSAETLYF	1
CASSGNSAETLYF	1
CASSLESAETLYF	1
CASSQESAETLYF	1
CASSGDSAETLYF	1
CASSLDSAETLYF	1
CASSLGSAETLYF	1
CASSHDSAETLYF	1
CASSRDSAETLYF	1
CASSMDSAETLYF	1
CASSTDSAETLYF	1
CASSKDSAETLYF	1
CASSWDSAETLYF	1
CASSPDSAETLYF	1
CASSRSSAETLYF	1
CASRGDSAETLYF	1
CASRGESAETLYF	1
CASSSDSAETLYF	1
CASSGESAETLYF	1
CASSTESAETLYF	1
CASSTGSAETLYF	1
CASSADSAETLYF	1
CASWGDSAETLYF	1
CASSGSSAETLYF	1
CASSWESAETLYF	1
CASGGSSAETLYF	1
CASRRDSAETLYF	1
CASSFNSAETLYF	1
CASSYSSAETLYF	1
CAWSPDSAETLYF	1
CASSATSAETLYF	1
CASGEDSAETLYF	1
CASSFQGYTEAFF	2
CASSVQGYTEAFF	2
CASSFQGFTEAFF	2
CAVNGGGSNYKLTF	3
CAVNSGGSNYKLTF	3
CASSLGQAYEQYF	4
CASSVGQAYEQYF	4
CASSSGQAYEQYF	4
CASSTGQAYEQYF	4
CASSLGQGYEQYF	4
CASSIGQAYEQYF	4
CASSPGQGYEQYF	4
CASSPGQTYEQYF	4
CASSPGTTYEQYF	4
CASSTGTTYEQYF	4
CAMRGSGGSNAKLTF	5
CAMRVSGGSNAKLTF	5
CAMRESGGSNAKLTF	5
CAMRSSGGSNAKLTF	5
CAMRNSGGSNAKLTF	5
CAMRISGGSNAKLTF	5
CAMRGGGGSNAKLTF	5
CAMRAAGGSNAKLTF	5
CAMREAGGSNAKLTF	5
CSARDRTGNTIYF	6
CSARDRVGNTIYF	6
CSARSEVGNTIYF	6
CSARSGVGNTIYF	6
CSARAGVGNTIYF	6
CSARLGVGNTIYF	6
CSARVGVGNTIYF	6
CSARIGVGNTIYF	6
CSARTGVGNTIYF	6
CSARSRVGNTIYF	6
CSARDEVGNTIYF	6
CSARSETGNTIYF	6
CTCSGGTGGFNYAEQFF	7
CTCSSGTGGFNYAEQFF	7
CTCSAGTGGYNYAEQFF	7
CTCSDGTGGYNYAEQFF	7
CTCSSGTGGYNYAEQFF	7
CTCSGGTGGYNYAEQFF	7
CTCSTGTGGFNYAEQFF	7
CTCSTGTGGFNYGEQFF	7
CTCSTGTGGYNYAEQFF	7
CTCSAGTGGFNYAEQFF	7
CTCSAGTGGYKYAEQFF	7
CASSLEETQYF	8
CASSPEETQYF	8
CASSFEETQYF	8
CASSRRTSGGSDTQYF	9
CASSRRTSGGTDTQYF	9
CAGSRRTSGGADTQYF	9
CASSRRTSGGADTQYF	9
CASSARTSGGSDTQYF	9
CASSARTSGGTDTQYF	9
CASSSRTSGGTDTQYF	9
CASSRRNSGGTDTQYF	9
CASSRRTIGGADTQYF	9
CAVGTGGYKVVF	10
CAVLTGGYKVVF	10
CSVEERVRGGEQYF	11
CSVEERVWGGEQYF	11
CASSIFGELFF	12
CASSIFGEQFF	12
CASSVFGELFF	12
CASSSVDEAFF	12
CASSSVNEAFF	12
CASSIVNEAFF	12
CASSIVNEQFF	12
CASSSVNEQFF	12
CASSVVNEQFF	12
CASSSVSEAFF	12
CASSIVGEQFF	12
CASSIFGEQYF	12
CASSVFGEQYF	12
CASSSVNGAFF	12
CASSSVNEQYF	12
CLVGDGAGYSTLTF	13
CLVGDGSGYSTLTF	13
CAGGGSQGNLIF	14
CAGPGSQGNLIF	14
CAAGGSQGNLIF	14
CAAQGSQGNLIF	14
CAIQGSQGNLIF	14
CAGAGSQGNLIF	14
CAARGSQGNLIF	14
CAVDGSQGNLIF	14
CAVQGSQGNLIF	14
CAVGGSQGNLIF	14
CAVPGSQGNLIF	14
CASGGSQGNLIF	14
CALAGSQGNLIF	14
CSAGGSQGNLIF	14
CAVSGSQGNLIF	14
CGGGGSQGNLIF	14
CASSDWGNQDTQYF	15
CASSDWGVQDTQYF	15
CASSSWGNQDTQYF	15
CASSDWGVRDTQYF	15
CASSDWGHQDTQYF	15
CALGAGSNYQLIW	16
CALGGGSNYQLIW	16
CALGEGSNYQLIW	16
CAVGGGSNYQLIW	16
CALGLGSNYQLIW	16
CASSGQLYGYTF	17
CASSGQNYGYTF	17
CASSIGSYGYTF	17
CASSMGSYGYTF	17
CASTGGGYGYTF	17
CASTGGSYGYTF	17
CASSGGSYGYTF	17
CASSIGYYGYTF	17
CASSGQGYGYTF	17
CASTGTAYGYTF	17
CASTGTDYGYTF	17
CASSGTDYGYTF	17
CASSGQDYGYTF	17
CASSGTSYGYTF	17
CASTGQGYGYTF	17
CASSIGVYGYTF	17
CASSGRNYGYTF	17
CASSMRSSYEQYF	18
CASSTRSSYEQYF	18
CASSSRSSGEQYF	18
CASSSRSSYEQYF	18
CASSIRASYEQYF	18
CASSSRASYEQYF	18
CASSIRSSYEQYF	18
CASSIRSAYEQYF	18
CASSVRSSYEQYF	18
CASSSRSAYEQYF	18
CASSTRSAYEQYF	18
CASSTRSGYEQYF	18
CASSIRSGYEQFF	18
CASSIRSGYEQYF	18
CASSLGDYAEQFF	19
CASSSGDYAEQFF	19
CASSTGDYAEQFF	19
CASSPGDYAEQFF	19
CASSKGDYAEQFF	19
CASTPGTGPNEKLFF	20
CASTSGTGPNEKLFF	20
CASSPGTAPNEKLFF	20
CASSPPTAPNEKLFF	20
CASSPTTAPNEKLFF	20
CASSPGTGPNEKLFF	20
CASSSGTGPNEKLFF	20
CASSPGTEPNEKLFF	20
CASSSGTAPNEKLFF	20
CASSSGTGGYNYAEQFF	21
CASSYGTGGYNYAEQFF	21
CASSGGTGGYNYAEQFF	21
CASSPGTGGYNYAEQFF	21
CASSPRTGGYNYAEQFF	21
CASSAGTGGFNYAEQFF	21
CASSAGTGGYNYAEQFF	21
CASSGGTGGFNYAEQFF	21
CASSIRTGGYNYAEQFF	21
CAWSPGTGGYNYAEQFF	21
CAVSHNYAQGLTF	22
CAVSNNYAQGLTF	22
CAVSENYAQGLTF	22
CAVSFNYAQGLTF	22
CAVSSNYAQGLTF	22
CAVSTNYAQGLTF	22
CAVSYNYAQGLTF	22
CAVSANYAQGLTF	22
CAVSRNYAQGLTF	22
CAVSVNYAQGLTF	22
CAVSGNYAQGLTF	22
CAVSDNYAQGLTF	22
CAVSLNYAQGLTF	22
CAVSASYAQGLTF	22
CAVNHNYAQGLTF	22
CAVTHNYAQGLTF	22
CAVGNNYAQGLTF	22
CAVLNNYAQGLTF	22
CAVTLNYAQGLTF	22
CAAGNNYAQGLTF	22
CAVMSNYAQGLTF	22
CASSYLGNTGELFF	23
CASSYVGNTGELFF	23
CASSWGGGSHYGYTF	24
CASSWGGGSNYGYTF	24
CASSFGGGSNYGYTF	24
CASSWGQGSNYGYTF	24
CASSRYEQYF	25
CASSSYEQYF	25
CASNAGTGTDTQYF	26
CASNPGTGTDTQYF	26
CASGGLDSAETLYF	27
CASGGRDSAETLYF	27
CASSGGDSAETLYF	27
CASSGLDSAETLYF	27
CACGGTDSAETLYF	27
CASGGTDSAETLYF	27
CASSGTDSAETLYF	27
CASSGRDSAETLYF	27
CASRGQSSAETLYF	27
CASRGQTSAETLYF	27
CASRGTTSAETLYF	27
CASRPTTSAETLYF	27
CASRGTDSAETLYF	27
CASSFRDSAETLYF	27
CASSFADSAETLYF	27
CASSPRDSAETLYF	27
CASSFQDSAETLYF	27
CASSPPDSAETLYF	27
CASSEPDSAETLYF	27
CASSLPDSAETLYF	27
CASSEQQNSNQPQYF	28
CASSEQRNSNQPQYF	28
CASSKTGNSNQPQYF	28
CASSQTGNSNQPQYF	28
CASSLSGNSNQPQYF	28
CASSENGNSNQPQYF	28
CASSETGNSNQPQYF	28
CASSESGNSNQPQYF	28
CASSRTGNSNQPQYF	28
CASSEAGNSNQPQYF	28
CASSEQGNSNQPQYF	28
CASSFQGNSNQPQYF	28
CASSHTGNSNQPQYF	28
CASSEVGNSNQPQYF	28
CASSGQGNSNQPQYF	28
CASSFGGNSNQPQYF	28
CASSYGGNSNQPQYF	28
CASSDTGNSNQPQYF	28
CASWGQGNSNQPQYF	28
CASIRTGNSNQPQYF	28
CASSQQGNSNQPQYF	28
CASSVAGNSNQPQYF	28
CASSASGNSNQPQYF	28
CASSGGGNSNQPQYF	28
CASSENSNSNQPQYF	28
CSVGAGGTNEKLFF	29
CSVGTGGTNEKLFF	29
CSVGSEGTNEKLFF	29
CSVGSSGTNEKLFF	29
CSVGSGGTNEKLFF	29
CSVGSAGTNEKLFF	29
CSVGAAGTNEKLFF	29
CSVGQGGTNEKLFF	29
CSVGSGGTNERLFF	29
CSVGTQGTNEKLFF	29
CSVGADGTNEKLFF	29
CASSAGTINTGELFF	30
CASSSGTINTGELFF	30
CASSSGTVNTGELFF	30
CSGGQGEGEQFF	31
CSGGQGEGEQYF	31
CSAGQGEGEQYF	31
CASSGGGNTGQLYF	32
CASSGGGRTGQLYF	32
CASSGGPNTGQLYF	32
CASSGGSNTGQLYF	32
CASSGGANTGQLYF	32
CASKGGGNTGQLYF	32
CASKGGSNTGQLYF	32
CASRGGANTGQLYF	32
CASRGGARTGQLYF	32
CASSGGAHTGQLYF	32
CASKGGANTGQLYF	32
CASNRTGLPGNEQFF	33
CASSRTGLPGNEQFF	33
CASSPTGLPGNEQFF	33
CALCGGSNYKLTF	34
CALVGGSNYKLTF	34
CALGGGSNYKLTF	34
CALGRGSNYKLTF	34
CALAGGSNYKLTF	34
CASSRLGSSAETLYF	35
CASSSLGSSAETLYF	35
CASSRLGTSAETLYF	35
CASSRLGVSAETLYF	35
CASSPLGTSAETLYF	35
CASSTLGTSAETLYF	35
CASSGLGTSAETLYF	35
CASSGLGSSAETLYF	35
CASSPLGSSAETLYF	35
CASSRLGASAETLYF	35
CASSGLGGSAETLYF	35
CASSLLGASAETLYF	35
CASSRMGASAETLYF	35
CASSFDAEQFF	36
CASSPDAEQFF	36
CASSFDAEAFF	36
CASSFDSEAFF	36
CATSFDSEAFF	36
CASSFDVEQFF	36
CASSPARNTEAFF	37
CASSPYRNTEAFF	37
CASSPHRNTEAFF	37
CASSPTRNTEAFF	37
CASSPSRNTEAFF	37
CASSPQRNTEAFF	37
CASSPNRNTEAFF	37
CASSLGGEQYF	38
CASSSGGEQYF	38
CASSGGAEQFF	38
CASSTGAEQFF	38
CASSTGDEQYF	38
CASSWGDEQYF	38
CASSIGDEQYF	38
CASSIGNEQYF	38
CASSIGSEQYF	38
CASSWGSEQYF	38
CASSGGAEVFF	38
CASSTGGEQYF	38
CASSEGGEQYF	38
CASTEGGEQYF	38
CASSLGDEQYF	38
CASSEGREQYF	38
CASSFGREQYF	38
CASSIGSEQFF	38
CASSGGAEQYF	38
CASSMGGEQYF	38
CASSMGAEQFF	38
CASSQGREQYF	38
CASSLTDEQYF	38
CASSGGNEQYF	38
CASSLYGEQYF	38
CAARFYGSSGNKLIF	39
CAASFYGSSGNKLIF	39
CALSHYGSSGNKLIF	39
CALVHYGSSGNKLIF	39
CAASDYGSSGNKLIF	39
CAASQYGSSGNKLIF	39
CALALYGSSGNKLIF	39
CALSLYGSSGNKLIF	39
CAVSFYGSSGNKLIF	39
CAVSRYGSSGNKLIF	39
CAASKYGSSGNKLIF	39
CAASTYGSSGNKLIF	39
CAASNYGSSGNKLIF	39
CALGIYGSSGNKLIF	39
CALVIYGSSGNKLIF	39
CVLSHYGSSGNKLIF	39
CVLSLYGSSGNKLIF	39
CAASNYGSSGNKFIF	39
CAVSSYGSSGNKLIF	39
CAASRYGSSGNKLIF	39
CALSDYGSSGNKLIF	39
CAAANYGSSGNKLIF	39
CAASSYGSSGNKLIF	39
CALSSYGSSGNKLIF	39
CASSHRTGELFF	40
CASSVRTGELFF	40
CASSARSGELFF	40
CASSSRSGELFF	40
CASSYRTGELFF	40
CASSPRTGELFF	40
CASSQRTGELFF	40
CASSSRTGELFF	40
CASSARTGELFF	40
CASSQSTGELFF	40
CASSRSTGELFF	40
CASSPGTGELFF	40
CASSAPAGELFF	40
CASSAPTGELFF	40
CASSVRSGELFF	40
CASRPPGGVNEQFF	41
CASRQPGGVNEQFF	41
CASSLLGDYAEQFF	42
CASSLRGDYAEQFF	42
CASSLPGDYAEQFF	42
CASSLTGDYAEQFF	42
CASSYRGDYAEQFF	42
CASSRTGDYAEQFF	42
CASNFRGDYAEQFF	42
CASSFRGDYAEQFF	42
CASSSHDRQGQNSPLHF	43
CASSSHERQGQNSPLHF	43
CAISESSAGNQPQHF	44
CAISESSIGNQPQHF	44
CAISESSSGNQPQHF	44
CAVNSNYQLIW	45
CAVSSNYQLIW	45
CAVSGNYQLIW	45
CAVGSNYQLIW	45
CAVSDNYQLIW	45
CAVSGDYQLIW	45
CASSMGANTEVFF	46
CASSWGANTEVFF	46
CARRQGSAETLYF	47
CATRQGSAETLYF	47
CAVSHNTNTGKLTF	48
CAVSLNTNTGKLTF	48
CALGDRGTGNYKYVF	49
CALGDRRTGNYKYVF	49
CALGDRVTGNYKYVF	49
CASSQGSYEQYF	50
CASSYGSYEQYF	50
CASSLGSYEQYF	50
CASSSGSYEQYF	50
CASSLAGYEQYF	50
CASSLIGYEQYF	50
CASSFDSYEQYF	50
CASSLDSYEQYF	50
CASSLGGYEQYF	50
CASSLDNYEQYF	50
CASSYDNYEQYF	50
CASSLGNYEQYF	50
CASGLGSYEQYF	50
CASSYEGTEAFF	51
CASSYGGTEAFF	51
CASSYQGTEAFF	51
CASSLDRNTGQLYF	52
CASSQDRNTGQLYF	52
CASSWDRNTGQLYF	52
CALSASNTNKVVF	53
CALSGSNTNKVVF	53
CALSRSNTNKVVF	53
CALSGTNTNKVVF	53
CASSIVGHLNTEAFF	54
CASSIVGHMNTEAFF	54
CATDAKTQVVGQLTF	55
CATDARTQVVGQLTF	55
CASSLRQYSNQPQYF	56
CASSLSQYSNQPQYF	56
CALRSSNTNKVVF	57
CVLRSSNTNKVVF	57
CASRTGTINTGELFF	58
CASRTGTSNTGELFF	58
CASRAGTSNTGELFF	58
CASRSGTSNTGELFF	58
CASRTGISNTGELFF	58
CASSTGTSNTGELFF	58
CASRGGTINTGELFF	58
CASSLSGQLDEQFF	59
CASSLSGQLDEQYF	59
CASSLLGQLYEQYF	59
CASSLVGQLYEQYF	59
CASSSSGQLDEQFF	59
CASSPSGQLDEQFF	59
CASSLSGQLDTQYF	59
CASRPSGQLDEQFF	59
CASSLVGQLDEQYF	59
CASSQSGQLDTQYF	59
CAISTGDSNQPQHF	60
CATSTGDSNQPQHF	60
CATGTGDSNQPQHF	60
CASGTGDSNQPQHF	60
CASSTGDSNQPQHF	60
CAIGTGDSNQPQHF	60
CASSLDRGEVFF	61
CASSPDRGEVFF	61
CASSEDRNEQFF	61
CASSLDRNEQFF	61
CASSWDRGEVFF	61
CASSPDRGQVFF	61
CASSPDRGEQYF	61
CASSWDRGEQYF	61
CASSLDRGEQYF	61
CASSLDVGEQYF	61
CASSWDRNEQFF	61
CASSLDRGEQFF	61
CASSLDRAEVFF	61
CASSLDVNEQFF	61
CASSLGPTEAFF	62
CASSLGYTEAFF	62
CASSLGNTEAFF	62
CASSLGPVEAFF	62
CASSQGPTEAFF	62
CAYFGGGADGLTF	63
CAYSGGGADGLTF	63
CAVSGGGADGLTF	63
CADSGGGADGLTF	63
CAYPGGGADGLTF	63
CASSFRSTDTQYF	64
CASSGRSTDTQYF	64
CASSIRSTDTQYF	64
CASSMRSTDTQYF	64
CASSTRSTDTQYF	64
CASSMRSADTQYF	64
CASSKRSTDTQYF	64
CASSGRSADTQYF	64
CASSVRSTDTQYF	64
CASSFRFTDTQYF	64
CASSIHSTDTQYF	64
CASSIRSEDTQYF	64
CAVSGSYNTDKLIF	65
CAVSRSYNTDKLIF	65
CASSIRSTGELFF	66
CASSISSTGELFF	66
CASSLRGTGELFF	66
CASSLSGTGELFF	66
CASSARSTGELFF	66
CASSLRSTGELFF	66
CASSHRGTGELFF	66
CASSGRSTGELFF	66
CASSVRSTGELFF	66
CATDAQVVGQLTF	67
CATEAQVVGQLTF	67
CAMGTQVVGQLTF	67
CATGTQVVGQLTF	67
CATPTQVVGQLTF	67
CATSTQVVGQLTF	67
CATETQVVGQLTF	67
CAASKGSNNRIFF	68
CAASRGSNNRIFF	68
CASSLGGEVFF	69
CASSLGGGVFF	69
CASSFGGEVFF	69
CASSIGGEVFF	69
CASSSGGGVFF	69
CASSFGTEVFF	69
CASSSGEGVFF	69
CASTLGGEVFF	69
CASSLGRGVFF	69
CASSLGRGQFF	69
CASSSGTEVFF	69
CASSFGSYNEQFF	70
CASSLGSYNEQFF	70
CASSESGTGDYEQYF	71
CASSESQTGDYEQYF	71
CAAATGNTGKLIF	72
CAASTGNTGKLIF	72
CAGATGNTGKLIF	72
CAGASGNTGKLIF	72
CAALTGNTGKLIF	72
CAASAGNTGKLIF	72
CAASPNNNNAPRF	73
CAAVPNNNNAPRF	73
CAGGTGNQFYF	74
CAGHTGNQFYF	74
CAAHDSGYNKLTF	75
CATHDSGYNKLTF	75
CAMRGNSGTYQRF	76
CAMRWNSGTYQRF	76
CAMRQNSGTYQRF	76
CAMRANSGTYQRF	76
CAMRANSGTYQKF	76
CASSLTSATGELFF	77
CASSRTSATGELFF	77
CASSLSSATGELFF	77
CASSLTSAAGELFF	77
CASRPGQGGYEQYF	78
CASSPGQGGYEQYF	78
CASSLGQGEQFF	79
CASSLGQGEQYF	79
CASSLGQLEQYF	79
CASSLGQIEQYF	79
CSARDRTGNGYTF	80
CSARDRVGNGYTF	80
CSARDRVGNGHTF	80
CSARDATGNGYTF	80
CSARDKTGNGYTF	80
CSARDGTGNGYTF	80
CSARGGTGNGYTF	80
CSARDWTGNGYTF	80
CSARDSTGNGYTF	80
CSARDQTGNGYTF	80
CSARDTVGNGYTF	80
CSARDRIGNGYTF	80
CASSMLDGGRDEQFF	81
CASSMLGGGRDEQFF	81
CASSTGLYGYTF	82
CASSTGNYGYTF	82
CASSTGFYGYTF	82
CASSQDRGAVYGYTF	83
CASSQDRGYVYGYTF	83
CAVANQAGTALIF	84
CAVINQAGTALIF	84
CASSDRSSQPQHF	85
CASSGRSSQPQHF	85
CASSGLAGGMDEQFF	86
CASSRLAGGMDEQFF	86
CILSGGSNYKLTF	87
CILSRGSNYKLTF	87
CVLSGGSNYKLTF	87
CILNGGSNYKLTF	87
CASSEAAGGFYNEQFF	88
CASSEASGGFYNEQFF	88
CASSPSHGPNEKLFF	89
CASSPSSGPNEKLFF	89
CASSLGQGAYEQYF	90
CASSLGQGSYEQYF	90
CASSLGQGTYEQYF	90
CASSLVQGTYEQYF	90
CASNYPRGGEGSPLHF	91
CASSYPRGGEGSPLHF	91
CASSYPWGGEGSPLHF	91
CSARASYEQYF	92
CSARLSYEQYF	92
CASSFTLGTGGVEQYF	93
CASSITLGTGGVEQYF	93
CAVNDYGQNFVF	94
CAVNNYGQNFVF	94
CASRTGGYKVVF	95
CATRTGGYKVVF	95
CASSYQTGAAYGYTF	96
CASSYQTGASYGYTF	96
CASSFQTGASYGYTF	96
CASSAQTGASYGYTF	96
CASSYATGASYGYTF	96
CASSYQTGTGTYGYTF	97
CASSYQTGTGVYGYTF	97
CASSYQTGTGNYGYTF	97
CASSKQTGTGNYGYTF	97
CASSEGQVSPGELFF	98
CASSTGQVSPGELFF	98
CASSEGRVLPGELFF	98
CASSEGRVLSGELFF	98
CASSAGRVSPGELFF	98
CASSEGRVSPGELFF	98
CASSEGRISPGELFF	98
CASSDRQNTEAFF	99
CASSSRQNTEAFF	99
CASSTRQNTEAFF	99
CASSEEGDTQYF	100
CASSEKGDTQYF	100
CASSEEWDTQYF	100
CAEDAGNMLTF	101
CARDAGNMLTF	101
CAENAGNMLTF	101
CAYNAGNMLTF	101
CASSPTTGTGHYGYTF	102
CASSPVTGTGHYGYTF	102
CASSPLTGTGHYGYTF	102
CASSPLTGTGVYGYTF	102
CASGDRQNSPLHF	103
CASSDRQNSPLHF	103
CASSLGGQTYEQYF	104
CASSLGTQTYEQYF	104
CASSLGGDTYEQYF	104
CASSVDKGGADEQFF	105
CASSVDKGGTDEQFF	105
CASSVDKGGVDEQFF	105
CAMTNYGSSGNKLIF	106
CAMTSYGSSGNKLIF	106
CALTNYGSSGNKLIF	106
CSARAGLNNEQFF	107
CSARVGLNNEQFF	107
CSARQGLNNEQFF	107
CAIRAGGDEQFF	108
CAIRTGGDEQFF	108
CALGEGTGGYKVVF	109
CALSEGTGGYKVVF	109
CALSDGTGGYKVVF	109
CALSGGTGGYKVVF	109
CVLGEGTGGYKVVF	109
CAMSDGTGGYKVVF	109
CAMSEGTGGYKVVF	109
CALGDGTGGYKVVF	109
CAMSDGAGGYKVVF	109
CVLGDGTGGYKVVF	109
CAAAQGGSAKLIF	110
CAASQGGSAKLIF	110
CAAGQGGSAKLIF	110
CAANQGGSAKLIF	110
CAAPQGGSAKLIF	110
CASRMQGRDNEQFF	111
CASRRQGRDNEQFF	111
CASRPQGRDNEQFF	111
CASSDWGGGQNTLYF	112
CASSDWGGSQNTLYF	112
CASSSASYGYTF	113
CASSSAYYGYTF	113
CASSFANYGYTF	113
CASSSANYGYTF	113
CASASANYGYTF	113
CASSSAHYGYTF	113
CASSSATYGYTF	113
CASSSAFYGYTF	113
CAWSISDLAKNIQYF	114
CAWTISDLAKNIQYF	114
CATDSGSWQLIF	115
CATSSGSWQLIF	115
CAPSSGSWQLIF	115
CAGSSGSWQLIF	115
CASSHRQGGTGELFF	116
CASSNRQGGTGELFF	116
CASSPRQGGTGELFF	116
CASSSRQGGTGELFF	116
CADYYGQNFVF	117
CAVYYGQNFVF	117
CAMRAYGSSGNKLIF	118
CAVRAYGSSGNKLIF	118
CAMRDYGSSGNKLIF	118
CASNQETQYF	119
CASSQETQYF	119
CASSAETQYF	119
CALRENYNQGKLIF	120
CALSENYNQGKLIF	120
CAASENYNQGKLIF	120
CALIMNYNQGKLIF	120
CALIPNYNQGKLIF	120
CALRMNYNQGKLIF	120
CAASEDYNQGKLIF	120
CALTENYNQGKLIF	120
CALVMNYNQGKLIF	120
CALTPNYNQGKLIF	120
CAASDDYNQGKLIF	120
CARNTGNQFYF	121
CATNTGNQFYF	121
CAHNTGNQFYF	121
CASNTGNQFYF	121
CASPTGNQFYF	121
CAGNYGGSQGNLIF	122
CAGSYGGSQGNLIF	122
CAGADGGSQGNLIF	122
CAGAGGGSQGNLIF	122
CAGAYGGSQGNLIF	122
CAGAEGGSQGNLIF	122
CAGRDGGSQGNLIF	122
CILMEGATGGNNKLTF	123
CILREGATGGNNKLTF	123
CILRVGATGGNNKLTF	123
CASSPTGVAEQFF	124
CASSPTGVGEQFF	124
CASSLGGQDTQYF	125
CASSLVGQDTQYF	125
CASSLGTESNQPQHF	126
CASSPGTESNQPQHF	126
CASSFGTESNQPQHF	126
CASSSGTESNQPQHF	126
CASSTGTESNQPQHF	126
CAISFVTESNQPQHF	126
CASSFVTESNQPQHF	126
CASSLRSRAYEQYF	127
CASSLRSRSYEQYF	127
CASSLRSRGYEQYF	127
CASGGDSSAETLYF	128
CASSGDSSAETLYF	128
CASSEARISNQPQYF	129
CASSPARISNQPQYF	129
CASSGARISNQPQYF	129
CAGPRETSYDKVIF	130
CAGPRKTSYDKVIF	130
CAGPEKTSYDKVIF	130
CAGPMKTSYDKVIF	130
CAGPRQTSYDKVIF	130
CAASDDNRIFF	131
CAASRDNRIFF	131
CASSLTGGGELFF	132
CASSLTGGGKLFF	132
CASSPRGRDETQYF	133
CASSPRGREETQYF	133
CTCSGLDSAETLYF	134
CTCSGRDSAETLYF	134
CTCSGRTSAETLYF	134
CSSQEGGYGYTF	135
CSTQEGGYGYTF	135
CASSLGTSGSYEQYF	136
CASSLGTSSSYEQYF	136
CASSIRAGETQYF	137
CASSVRAGETQYF	137
CASSIRAAETQYF	137
CAEDFNARLMF	138
CAEDNNARLMF	138
CAEDDNARLMF	138
CAHDNNARLMF	138
CAEDNNPRLMF	138
CASDNNARLMF	138
CASGNNARLMF	138
CAEDSNARLMF	138
CALSDGGGSNYKLTF	139
CALSDSGGSNYKLTF	139
CAEGDSNYQLIW	140
CARGDSNYQLIW	140
CAWTGSSAETLYF	141
CAWTGTSAETLYF	141
CASSLGANTIYF	142
CASSLGVNTIYF	142
CASSLGLNTIYF	142
CASSQSPGGEQYF	143
CASSQSPGGIQYF	143
CASSQSPGGFQYF	143
CASSQSPGGTQYF	143
CASSITGTGEAFF	144
CASSPTGTGEAFF	144
CSAEQGNTEAFF	145
CSAETGNTEAFF	145
CSAESGNTEAFF	145
CASSIVQGPYNEQFF	146
CASSIVSGPYNEQFF	146
CASSIVTGPYNEQFF	146
CSARLRELSGNTIYF	147
CSARLRKLSGNTIYF	147
CSARGEAITEKLFF	148
CSARGQAITEKLFF	148
CASSEARRGTDPQYF	149
CASSEARRQTDPQYF	149
CASSEALRGTDPQYF	149
CASSEARRITDPQYF	149
CAASDTNTGKLTF	150
CAASGTNTGKLTF	150
CAASATNTGKLTF	150
CAASGSNTGKLTF	150
CASSDLNSPLHF	151
CASSGLNSPLHF	151
CASSLTAPDTDAFF	152
CASSLTAPDTEAFF	152
CASRPGQGSHEQFF	153
CASRPGQGSHEQYF	153
CASSYSRGAGNTIYF	154
CASSYSRGVGNTIYF	154
CASSYSRGSGNTIYF	154
CASSQSRGSGNTIYF	154
CASSHSRGSGNTIYF	154
CASSGSYGYTF	155
CASSTSYGYTF	155
CASSDSYGYTF	155
CASSATYGYTF	155
CASSGTYGYTF	155
CASSMTYGYTF	155
CASTASYGYTF	155
CASTDSYGYTF	155
CASTGSYGYTF	155
CATTGSYGYTF	155
CASSLYSGADQPQHF	156
CASSLYSGPDQPQHF	156
CASSRDQNTGQLYF	157
CASSRDWNTGQLYF	157
CAVRDIIARLMF	158
CAVRDISARLMF	158
CAATPSNTGKLIF	159
CAVTPSNTGKLIF	159
CASSFSGLSNQPQYF	160
CASSFSGMSNQPQYF	160
CASGQKGLDTEAFF	161
CASSQKGLDTEAFF	161
CAGADGSSNTGKLIF	162
CAGAFGSSNTGKLIF	162
CAGADGSGNTGKLIF	162
CAGAIGSSNTGKLIF	162
CAGAPGSSNTGKLIF	162
CAGASGSSNTGKLIF	162
CAGPDGSSNTGKLIF	162
CAGPGGSSNTGKLIF	162
CASSPQTGTIYGYTF	163
CASSYQTGTIYGYTF	163
CASSPQTGAIYGYTF	163
CASSLGGATDPQYF	164
CASSLGGVTDPQYF	164
CIVHTNSGGSNYKLTF	165
CIVKTNSGGSNYKLTF	165
CIEHTNSGGSNYKLTF	165
CASSLGTSAYEQYF	166
CASSLGTSSYEQYF	166
CANSLGTSSYEQYF	166
CAISDSSSGSNEQFF	167
CAISESSSGSNEQFF	167
CSARDRGAANTGELFF	168
CSARDRGAENTGELFF	168
CSAKDRGAENTGELFF	168
CATAGTQVVGQLTF	169
CATDGTQVVGQLTF	169
CATPGTQVVGQLTF	169
CATPRTQVVGQLTF	169
CASPGTQVVGQLTF	169
CALPGTQVVGQLTF	169
CPTPGTQVVGQLTF	169
CASSLQNSDYTF	170
CASSRQNSDYTF	170
CATGDQGGRALIF	171
CATPDQGGRALIF	171
CASSGDRNQPQHF	172
CASSGGRNQPQHF	172
CASSFTWTSGGATDTQYF	173
CASSFTWTSGGTTDTQYF	173
CAVAASGGSYIPTF	174
CAVQASGGSYIPTF	174
CAAAASGGSYIPTF	174
CAVRMDSSYKLIF	175
CAVYMDSSYKLIF	175
CASSLFRANTGQLYF	176
CASSLYRANTGQLYF	176
CASSPSGTPYEQYF	177
CASSPSGTPYERYF	177
CASNAGQGWKEQYF	178
CASSAGQGWKEQYF	178
CASSAGQGWKGQYF	178
CASSFGGAPLF	179
CASSFGQAPLF	179
CASSGGQAPLF	179
CASSWGGAPLF	179
CATDTGNYKYVF	180
CAVDTGNYKYVF	180
CAADTGNYKYVF	180
CASSRLAGGTDTQYF	181
CASSRLASGTDTQYF	181
CASNELASGTDTQYF	181
CASSELASGTDTQYF	181
CAISELASGTDTQYF	181
CARSELASGTDTQYF	181
CASSALAGGTDTQYF	181
CASSALASGTDTQYF	181
CASSALASGGDTQYF	181
CASSPRTSGPYEQYF	182
CASSPRTSGTYEQYF	182
CASSSTGGGGAEAFF	183
CASSSTGGGGTEAFF	183
CASSVEGTIHTDTQYF	184
CASSVEGTILTDTQYF	184
CASSWGGGEQYF	185
CASSYGGGEQYF	185
CASSSGGGEQYF	185
CAAPDTNAYKVIF	186
CAAPPTNAYKVIF	186
CASSELAGVGETQYF	187
CASSPLAGVGETQYF	187
CASSLGTGDTQYF	188
CASSSGTGDTQYF	188
CASSLGVGDTQYF	188
CASSDWGGVEQYF	189
CASSDWGGYEQYF	189
CASSLSFGTEAFF	190
CASSWSFGTEAFF	190
CASSPRRYNEQFF	191
CASSPRRYNLQFF	191
CASSLGWGLDQPQHF	192
CASSPGWGLDQPQHF	192
CASSEALRAADDYTF	193
CASSEALRQADDYTF	193
CASSQDPAGVGTDTQYF	194
CASSQDPAGWGTDTQYF	194
CSGREDSTNEKLFF	195
CSVREDSTNEKLFF	195
CAPGGDGGSQGNLIF	196
CAVGGDGGSQGNLIF	196
CASSDHRNTEVFF	197
CASSDHRTTEVFF	197
CASSDHRGTEVFF	197
CASSDARTTEVFF	197
CILDNNNDMRF	198
CILSNNNDMRF	198
CASSSLNTEAFF	199
CASSSPNTEAFF	199
CASSSLDTEAFF	199
CASSFGVNTEAFF	200
CASSLGVNTEAFF	200
CASSLGQGHYNEQFF	201
CASSPGQGHYNEQFF	201
CAATGGNNKLTF	202
CAGTGGNNKLTF	202
CASSAGQGVTYEQYF	203
CASSVGQGVTYEQYF	203
CASSVGQGKTYEQYF	203
CASSQEKGTEAFF	204
CASSQESGTEAFF	204
CSARDRGLGNTIYF	205
CSARDRSLGNTIYF	205
CASSLGTGAPYEQYF	206
CASSLSTGAPYEQYF	206
CASSDGEQYF	207
CASSDGIQYF	207
CASSKNRVTTAEPNEKLFF	208
CTSSKNRVTTAEPNEKLFF	208
CALSEADSWGKLQF	209
CALSEANSWGKLQF	209
CASSGNTGELFF	210
CASSGYTGELFF	210
CASSLIGVSSYNEQFF	211
CASSLRGVSSYNEQFF	211
CASSIYSGQPQHF	212
CASSIYSNQPQHF	212
CASSYYSNQPQHF	212
CASSIVSNQPQHF	212
CASSQDLGGRYEQYF	213
CASSQDLGGVYEQYF	213
CASSRDWGGQDTQYF	214
CASSRDWGYQDTQYF	214
CATDEAGRRALTF	215
CATDVAGRRALTF	215
CAESIGKLIF	216
CAESTGKLIF	216
CASSLGAPEAFF	217
CASSLGVPEAFF	217
CASSQEGGGDGQPQHF	218
CASSQEGGGGGQPQHF	218
CASSQEGGGQGQPQHF	218
CAVSPNSGGGNAKLTF	219
CAVSPNSGGSNAKLTF	219
CSARAGGGEAKNIQYF	220
CSARASGGEAKNIQYF	220
CATVLRMDSSYKLIF	221
CATVSRMDSSYKLIF	221
CASSPGTAEAFF	222
CASSPGTDEAFF	222
CAISQEKVSNQPQYF	223
CASSQEKVSNQPQYF	223
CSARGWVSNNQETQYF	224
CSARGWVSNNRETQYF	224
CASSEARQGGNTVYF	225
CASSEARQGRNTVYF	225
CAAGGNYKPTF	226
CAGGGNYKPTF	226
CASGGNYKPTF	226
CASSDPGPKGQNTQYF	227
CASSDPGSKGQNTQYF	227
CAMREGKGGGSNYKLTF	228
CAMREGRGGGSNYKLTF	228
CASSASTGEAYGYTF	229
CASSVSTGEAYGYTF	229
CASSSWDTGELFF	230
CASSWWDTGELFF	230
CALRDRGSALGRLHF	231
CALRYRGSALGRLHF	231
CAVRDRGSALGRLHF	231
CAASESGSWQLIF	232
CAASSSGSWQLIF	232
CAVRGSALGRLHF	233
CAVSGSALGRLHF	233
CASSLIGHSNQPQHF	234
CASSMIGHSNQPQHF	234
CASSFLEDGYTF	235
CASSFLLDGYTF	235
CASSRRGAATSTDTQYF	236
CASSRRGATTSTDTQYF	236
CALLNSGGYQKVTF	237
CALMNSGGYQKVTF	237
CASSDAGTGDYEQYF	238
CASSVAGTGDYEQYF	238
CASRDYEQYF	239
CATRDYEQYF	239
CASSPDGELFF	240
CASSPGGELFF	240
CASGAGTGYAEQFF	241
CASGGGTGYAEQFF	241
CAVSANSNNRIFF	242
CAVSLNSNNRIFF	242
CASSKSRLSNQPQYF	243
CASSTSRLSNQPQYF	243
CAASDSNNRIFF	244
CAASNSNNRIFF	244
CASSLSGDSDYTF	245
CASSLSGNSDYTF	245
CASSPGTGSYEQYF	246
CASSPGWGSYEQYF	246
CAASMDSNYQLIW	247
CAAVMDSNYQLIW	247
CASTKLALAYEHYF	248
CASTKLALAYEQYF	248
CASSLTGAGDQPQHF	249
CASSLTGPGDQPQHF	249
CASSQGTSDYEQYF	250
CASSRGTSDYEQYF	250
CASSPGQFGNTIYF	251
CASSPGQLGNTIYF	251
CASSLEGDTEAFF	252
CASSLEGYTEAFF	252
CASSLGTGTEVFF	253
CASSLGTNTEVFF	253
CASSLAPGATNEKLFF	254
CASSLAPGTTNEKLFF	254
CASSLGAGNYGYTF	255
CASSLGSGNYGYTF	255
CASSLFTDNRDGYTF	256
CASSLFTDRRDGYTF	256
CASTRASTDTQYF	257
CASTRGSTDTQYF	257
CASPRGSTDTQYF	257
CASTQGSTDTQYF	257
CTSTRGSTDTQYF	257
CASSLGTGDYAEQFF	258
CASSPGTGDYAEQFF	258
CASSLIEYSNQPQYF	259
CASSLLEYSNQPQYF	259
CASSQETGDEQYF	260
CASSQETGDTQYF	260
CASSLETGDEQYF	260
CASSLTDPYEQYF	261
CASSLTDSYEQYF	261
CASSQETGSYEQFF	262
CASSQETGSYEQYF	262
CASSLETGSYEQYF	262
CASSLARDEQYF	263
CASSRARDEQYF	263
CASSLARDTQYF	263
CASRRLAGASYNEQFF	264
CATRRLAGASYNEQFF	264
CVVGENYGSSGNKLIF	265
CVVGLNYGSSGNKLIF	265
CASSVVGDFRETQYF	266
CASSVVGDSRETQYF	266
CAGDGGGGSQGNLIF	267
CATDGGGGSQGNLIF	267
CASKGQGARDGYTF	268
CASNGQGARDGYTF	268
CASSPRTGGTEAFF	269
CASSPRTLGTEAFF	269
CSARGEGGSYNEQFF	270
CSARQEGGSYNEQFF	270
CASSPGVGTEVFF	271
CASSSGVGTEVFF	271
CVLSAASNNRIFF	272
CVLSASSNNRIFF	272
CASSALAARTDTQYF	273
CASSALSARTDTQYF	273
CASSVLAARTDTQYF	273
CASSEQSGANVLTF	274
CASSEVSGANVLTF	274
CASSLGLNYEQYF	275
CASSRGLNYEQYF	275
CASSLAGGQETQYF	276
CASSLAGTQETQYF	276
CAVQDLGTSGSRLTF	277
CAVQDLQTSGSRLTF	277
CASSLIGQGLGDEQFF	278
CASSSIGQGLGDEQFF	278
CASSEGITEVFF	279
CASSEGVTEVFF	279
CARGYGSSGNKLIF	280
CATGYGSSGNKLIF	280
CATDDDSARQLTF	281
CATDEDSARQLTF	281
CASSLTAGNNCGYTF	282
CASSLTAGNNYGYTF	282
CASSLGGGYTF	283
CASSLGYGYTF	283
CASTGGLGYTF	284
CASTGGSGYTF	284
CALGSGGNYKPTF	285
CALVSGGNYKPTF	285
CASSLTGGNTIYF	286
CASSSTGGNTIYF	286
CASSARQGIDTGELFF	287
CASSLRQGIDTGELFF	287
CASSLRQGANTGELFF	287
CASSLRQGINTGELFF	287
CASSQDRLTGGYTF	288
CASSQDRYTGGYTF	288
CAGSQDRLTGGYTF	288
CASSLDLGSTEAFF	289
CASSPDLGSTEAFF	289
CASSGAGDRGPNQPQHF	290
CASSLAGDRGPNQPQHF	290
CASSLLAGQETQYF	291
CASSLSAGQETQYF	291
CASSLGGGNQETQYF	292
CASSLSGGNQETQYF	292
CASSLGGGLQETQYF	292
CAVFF	293
CAVNF	293
CASSIGQDEQYF	294
CASSIGQYEQYF	294
CASRDTYEQYF	295
CASRETYEQYF	295
CAVSANYNVLYF	296
CAVSENYNVLYF	296
CAVSSNYNVLYF	296
CASSQEGTGSYEQYF	297
CASSQEGTYSYEQYF	297
CAASGGSNAKLTF	298
CAATGGSNAKLTF	298
CSARGQGDEQYF	299
CSARGQGNEQYF	299
CASSQDWGGDTLYF	300
CASSQDWGGDTQYF	300
CASSENRVTTDYPNEKLFF	301
CASSKNRVTTDYPNEKLFF	301
CAMREDAGGTSYGKLTF	302
CAMREDPGGTSYGKLTF	302
CAMRGDPGGTSYGKLTF	302
CATEGRMDSSYKLIF	303
CATEIRMDSSYKLIF	303
CAEITGGGNKLTF	304
CAERTGGGNKLTF	304
CASSPITGTGAYGYTF	305
CASSPITGTGIYGYTF	305
CAYGDDKIIF	306
CAYRDDKIIF	306
CSVRDGYEQYF	307
CSVRQGYEQYF	307
CSVEDGYEQYF	307
CATGRGGKIGEQYF	308
CATGRGGMIGEQYF	308
CAASPKNTGYQNFYF	309
CAASPRNTGYQNFYF	309
CASSVAGGDEQFF	310
CASSVAGGDEQYF	310
CASSLSHSTGNYGYTF	311
CASSLSPSTGNYGYTF	311
CSVLKVGTSGFNEQFF	312
CSVPKVGTSGFNEQFF	312
CSVPKTGTSGFNEQFF	312
CAAFQGAQKLVF	313
CIAFQGAQKLVF	313
CASSGGQGNIQYF	314
CASSSGQGNIQYF	314
CASSGGSGNIQYF	314
CASSQDRATQETQYF	315
CASSQYRATQETQYF	315
CASSPGRLSHEQFF	316
CASSPGRTSHEQFF	316
CAASGAGGYKVVF	317
CAASRAGGYKVVF	317
CAVSITASLGKLQF	318
CAVSLTASLGKLQF	318
CASSLLGQDNSPLHF	319
CASSLLGQYNSPLHF	319
CASSPSGQLETQYF	320
CASSPTGQLETQYF	320
CASRPTGQLETQYF	320
CASSLSRASGNTLYF	321
CASSLSRASQNTLYF	321
CASRPGTASYEQYF	322
CASRPGTSSYEQYF	322
CASSVDKGGADTQYF	323
CASSVDKGGTDTQYF	323
CAASASSSFSKLVF	324
CAASESSSFSKLVF	324
CAASGSSSFSKLVF	324
CAAGESSSFSKLVF	324
CALSPTGGYKVVF	325
CALSRTGGYKVVF	325
CALSGSGDSWGKLQF	326
CALSGSTDSWGKLQF	326
CALSGTTDSWGKLQF	326
CAFYSGGGADGLTF	327
CATYSGGGADGLTF	327
CASSDWGRDAEQFF	328
CASSDWGTDAEQFF	328
CAESGGYQKVTF	329
CAVSGGYQKVTF	329
CASSSGATGANVLTF	330
CASSSIATGANVLTF	330
CASREGLGGTEAFF	331
CASREGQGGTEAFF	331
CASSMADLSYEQYF	332
CASSRADLSYEQYF	332
CASSLLGSNQPQHF	333
CASSLQGSNQPQHF	333
CTCSADRENTEVFF	334
CTCSADRVNTEVFF	334
CSATNRDRGLEQYF	335
CSATSRDRGLEQYF	335
CASSFEGNTGELFF	336
CASSFSGNTGELFF	336
CAFPYNNNDMRF	337
CAYPYNNNDMRF	337
CVVEDFGGSNAKLTF	338
CVVEDSGGSNAKLTF	338
CASSLQQTLGAFF	339
CASSPQQTLGAFF	339
CALTEGADRLTF	340
CAVTEGADRLTF	340
CATDMDSNYQLIW	341
CATDRDSNYQLIW	341
CASSEGDTEAFF	342
CASSRGDTEAFF	342
CASGGSSYEQYF	343
CASTGSSYEQYF	343
CASSSTNGYTF	344
CASSSTTGYTF	344
CAFMKDAGGTSYGKLTF	345
CAFMKGAGGTSYGKLTF	345
CASSAASGTDTQYF	346
CASSVASGTDTQYF	346
CASSLTNEQFF	347
CASSLTSEQFF	347
CASSEGLQEVFF	348
CASSEGSQEVFF	348
CAESTCWGKLQF	349
CAESTSWGKLQF	349
CASSLIASGGYNEQFF	350
CASSLMASGGYNEQFF	350
CASSIDRGSQNTQYF	351
CASSQDRGSQNTQYF	351
CASSIARGSQNTQYF	351
CASSKFANTEVFF	352
CASSRFANTEVFF	352
CASSAGTSEVFF	353
CASSAGTTEVFF	353
CASTKNGNSNQPQYF	354
CASTKQGNSNQPQYF	354
CALSDHQGGSAKLIF	355
CALSDRQGGSAKLIF	355
CSVGAGEGYEQYF	356
CSVGFGEGYEQYF	356
CSARRGGDTQYF	357
CSARVGGDTQYF	357
CASSDNWGYEQYF	358
CASSENWGYEQYF	358
CASSEVGQLETQYF	359
CASSLVGQLETQYF	359
CASSLDGQDYEQYF	360
CASSLEGQDYEQYF	360
CAYDDMRF	361
CAYNDMRF	361
CALGPNYGNEKITF	362
CALGPNYRNEKITF	362
CAVNPDSWGKLQF	363
CAVPPDSWGKLQF	363
CALFYGSSGNKLIF	364
CALPYGSSGNKLIF	364
CASIPDRNTEAFF	365
CASIPDRVTEAFF	365
CASSPGQYSHEQYF	366
CASSQGQYSHEQYF	366
CASSPGTGEGYEQYF	367
CASSRGTGEGYEQYF	367
CASSILGGGAETLYF	368
CASSIVGGGAETLYF	368
CALAPSNTNKVVF	369
CALVPSNTNKVVF	369
CASSLVGPPGEAFF	370
CASSLVGPPGELFF	370
CAVRAYSNNRLTL	371
CAVRVYSNNRLTL	371
CASSGTASFDEQFF	372
CASSGTTSFDEQFF	372
CASSPGTEHGYTF	373
CASSPGTLHGYTF	373
CALSEAGRGGSYIPTF	374
CALSEAGTGGSYIPTF	374
CASSQSPGGQQFF	375
CASSQSPGGYQFF	375
CASSPDRAQTQYF	376
CASSPDRLQTQYF	376
CSARDLQGAYNSPLHF	377
CSARDLQGSYNSPLHF	377
CASSDSGTDTQYF	378
CASSLSGTDTQYF	378
CASSYERGGLPKNIQYF	379
CASSYEWGGLPKNIQYF	379
CASSLDRNTGELFF	380
CASSLDRVTGELFF	380
CASSFRGDNQAPLF	381
CASSLRGDNQAPLF	381
CASSLMQGTDTQYF	382
CASSLMSGTDTQYF	382
CAHRSAGGGTSYGKLTF	383
CAYRSAGGGTSYGKLTF	383
