CASSARSTGELFF	CASSIRSTGELFF
CASSLSRASGNTLYF	CASSLSRASQNTLYF
CASSQDSAETLYF	CASSTDSAETLYF
CAVDGSQGNLIF	CAVPGSQGNLIF
CASSFRGDNQAPLF	CASSLRGDNQAPLF
CASSLGSAETLYF	CASSTGSAETLYF
CAVSDNYAQGLTF	CAVSHNYAQGLTF
CSARDEVGNTIYF	CSARDRVGNTIYF
CASSSGTESNQPQHF	CASSTGTESNQPQHF
CSARDRGLGNTIYF	CSARDRSLGNTIYF
CASSLDSAETLYF	CASSMDSAETLYF
CAVSANYAQGLTF	CAVSNNYAQGLTF
CSARDGTGNGYTF	CSARDKTGNGYTF
CASSSGQAYEQYF	CASSTGQAYEQYF
CASGGLDSAETLYF	CASGGTDSAETLYF
CSARAGLNNEQFF	CSARVGLNNEQFF
CAHNTGNQFYF	CATNTGNQFYF
CASSPDRGEVFF	CASSPDRGQVFF
CASSAGTGGYNYAEQFF	CASSSGTGGYNYAEQFF
CASSLNRGSNQPQYF	CASSLNRVSNQPQYF
CASSSRSSYEQYF	CASSTRSSYEQYF
CALSHYGSSGNKLIF	CVLSHYGSSGNKLIF
CASSDWGRDAEQFF	CASSDWGTDAEQFF
CASSGQGYGYTF	CASTGQGYGYTF
CAGPRKTSYDKVIF	CAGPRQTSYDKVIF
CAASGAGGYKVVF	CAASRAGGYKVVF
CASSENGNSNQPQYF	CASSESGNSNQPQYF
CAMGTQVVGQLTF	CATGTQVVGQLTF
CSARGWVSNNQETQYF	CSARGWVSNNRETQYF
CASSSSRGSNQPQYF	CASSSVRGSNQPQYF
CASSLAGGQETQYF	CASSLAGTQETQYF
CASSLGGEVFF	CASSLGGGVFF
CASSENGNSNQPQYF	CASSEVGNSNQPQYF
CAMRSSGGSNAKLTF	CAMRVSGGSNAKLTF
CASSALASGTDTQYF	CASSRLASGTDTQYF
CTCSAGTGGYNYAEQFF	CTCSDGTGGYNYAEQFF
CAYFGGGADGLTF	CAYSGGGADGLTF
CASSLSRMSNQPQYF	CASSLSRQSNQPQYF
CASSPRTGELFF	CASSVRTGELFF
CAISQEKVSNQPQYF	CASSQEKVSNQPQYF
CAVSHNYAQGLTF	CAVSNNYAQGLTF
CALALYGSSGNKLIF	CALSLYGSSGNKLIF
CTCSGGTGGFNYAEQFF	CTCSTGTGGFNYAEQFF
CAMTNYGSSGNKLIF	CAMTSYGSSGNKLIF
CASSLPDSAETLYF	CASSPPDSAETLYF
CASSPGTGGYNYAEQFF	CASSYGTGGYNYAEQFF
CASSEGREQYF	CASSQGREQYF
CILDNNNDMRF	CILSNNNDMRF
CALAPSNTNKVVF	CALVPSNTNKVVF
CALTENYNQGKLIF	CALTPNYNQGKLIF
CASSFGSYNEQFF	CASSLGSYNEQFF
CASSLDRTSNQPQYF	CASSVDRTSNQPQYF
CAVANQAGTALIF	CAVINQAGTALIF
CASSPRTGELFF	CASSQRTGELFF
CSARGEAITEKLFF	CSARGQAITEKLFF
CATEAQVVGQLTF	CATETQVVGQLTF
CASSGGGNSNQPQYF	CASSYGGNSNQPQYF
CASSFNRNSNQPQYF	CASSLNRNSNQPQYF
CASSRDRVSNQPQYF	CASSSDRVSNQPQYF
CSVGAGGTNEKLFF	CSVGTGGTNEKLFF
CASKGGANTGQLYF	CASRGGANTGQLYF
CASSSRSGELFF	CASSVRSGELFF
CASSVDKGGADTQYF	CASSVDKGGTDTQYF
CAASESSSFSKLVF	CAASGSSSFSKLVF
CAASNYGSSGNKLIF	CAASRYGSSGNKLIF
CAVSGSYNTDKLIF	CAVSRSYNTDKLIF
CASSLGRMSNQPQYF	CASSLSRMSNQPQYF
CAGADGGSQGNLIF	CAGRDGGSQGNLIF
CASSLRRGSNQPQYF	CASSLYRGSNQPQYF
CASSEAGNSNQPQYF	CASSVAGNSNQPQYF
CASSFGTESNQPQHF	CASSSGTESNQPQHF
CSARLGVGNTIYF	CSARTGVGNTIYF
CASSGDSAETLYF	CASWGDSAETLYF
CASSLSRNSNQPQYF	CASSLSRTSNQPQYF
CAVSNNYAQGLTF	CAVSYNYAQGLTF
CASSFGGEVFF	CASSFGTEVFF
CASSETGNSNQPQYF	CASSHTGNSNQPQYF
CSVGSGGTNEKLFF	CSVGSGGTNERLFF
CAAAQGGSAKLIF	CAAGQGGSAKLIF
CASSLGRNSNQPQYF	CASSSGRNSNQPQYF
CSARLGVGNTIYF	CSARSGVGNTIYF
CATPTQVVGQLTF	CATSTQVVGQLTF
CTCSGRDSAETLYF	CTCSGRTSAETLYF
CASSRDSAETLYF	CASSRSSAETLYF
CASSHRQGGTGELFF	CASSPRQGGTGELFF
CASSALASGGDTQYF	CASSALASGTDTQYF
CASSHRQGGTGELFF	CASSNRQGGTGELFF
CASKGGANTGQLYF	CASSGGANTGQLYF
CASSGGTGGYNYAEQFF	CASSSGTGGYNYAEQFF
CASSGTDYGYTF	CASSGTSYGYTF
CASSPTRNTEAFF	CASSPYRNTEAFF
CASSARTSGGSDTQYF	CASSARTSGGTDTQYF
CASSYSRGSGNTIYF	CASSYSRGVGNTIYF
CASSHTGNSNQPQYF	CASSQTGNSNQPQYF
CAMSDGAGGYKVVF	CAMSDGTGGYKVVF
CASSGTDYGYTF	CASTGTDYGYTF
CASSSGDYAEQFF	CASSTGDYAEQFF
CAVNSNYQLIW	CAVSSNYQLIW
CALGPNYGNEKITF	CALGPNYRNEKITF
CASSLTGAGDQPQHF	CASSLTGPGDQPQHF
CAGAEGGSQGNLIF	CAGAYGGSQGNLIF
CASSGRSTDTQYF	CASSTRSTDTQYF
CASSPLTGTGHYGYTF	CASSPVTGTGHYGYTF
CAGGGSQGNLIF	CASGGSQGNLIF
CASSLGRGQFF	CASSLGRGVFF
CASSFADSAETLYF	CASSFQDSAETLYF
CASSSANYGYTF	CASSSASYGYTF
CASSLGQGAYEQYF	CASSLGQGTYEQYF
CASSLGRASNQPQYF	CASSRGRASNQPQYF
CAAAQGGSAKLIF	CAAPQGGSAKLIF
CASSSDSAETLYF	CASSTDSAETLYF
CASSEGGEQYF	CASSMGGEQYF
CASSLSRNSNQPQYF	CASSLSRQSNQPQYF
CAEDNNARLMF	CASDNNARLMF
CASSHSRGSGNTIYF	CASSYSRGSGNTIYF
CASSGESAETLYF	CASSLESAETLYF
CAEDNNARLMF	CAEDNNPRLMF
CASSGGQGNIQYF	CASSSGQGNIQYF
CASSIRSSYEQYF	CASSVRSSYEQYF
CAGADGSSNTGKLIF	CAGPDGSSNTGKLIF
CASSLDRGEQFF	CASSLDRNEQFF
CASSEQGNSNQPQYF	CASSESGNSNQPQYF
CAASATNTGKLTF	CAASDTNTGKLTF
CASSDGEQYF	CASSDGIQYF
CASSFLEDGYTF	CASSFLLDGYTF
CASSIRSAYEQYF	CASSIRSGYEQYF
CALSEGTGGYKVVF	CALSGGTGGYKVVF
CASSDWGNQDTQYF	CASSDWGVQDTQYF
CASSPDRGSNQPQYF	CASSPTRGSNQPQYF
CASSMGGEQYF	CASSSGGEQYF
CASSIDRVSNQPQYF	CASSRDRVSNQPQYF
CAMRQNSGTYQRF	CAMRWNSGTYQRF
CASSIYSNQPQHF	CASSYYSNQPQHF
CASSPDRVSNQPQYF	CASSRDRVSNQPQYF
CAVSGNYAQGLTF	CAVSTNYAQGLTF
CASSNRQGGTGELFF	CASSSRQGGTGELFF
CAVRGSALGRLHF	CAVSGSALGRLHF
CASSPSRGSNQPQYF	CASSPTRGSNQPQYF
CAMRISGGSNAKLTF	CAMRVSGGSNAKLTF
CAVSLNYAQGLTF	CAVSVNYAQGLTF
CASSQDRVSNQPQYF	CASSSDRVSNQPQYF
CASSLSRGSNQPQYF	CASSLYRGSNQPQYF
CAVSANYNVLYF	CAVSSNYNVLYF
CAVSANYAQGLTF	CAVSRNYAQGLTF
CASSLGRMSNQPQYF	CASSLGRNSNQPQYF
CASSIVNEQFF	CASSVVNEQFF
CTCSAGTGGFNYAEQFF	CTCSGGTGGFNYAEQFF
CASSSGQAYEQYF	CASSVGQAYEQYF
CTCSSGTGGFNYAEQFF	CTCSSGTGGYNYAEQFF
CASSHDRRSNQPQYF	CASSLDRRSNQPQYF
CAVRMDSSYKLIF	CAVYMDSSYKLIF
CAGGGSQGNLIF	CGGGGSQGNLIF
CASSLTGGNTIYF	CASSSTGGNTIYF
CASSAQTGASYGYTF	CASSFQTGASYGYTF
CASSGSSAETLYF	CASSRSSAETLYF
CASSLSRMSNQPQYF	CASSLSRTSNQPQYF
CALSEADSWGKLQF	CALSEANSWGKLQF
CAASPKNTGYQNFYF	CAASPRNTGYQNFYF
CASSLSRVSNQPQYF	CASSLSRVSPQPQYF
CAAGESSSFSKLVF	CAASESSSFSKLVF
CASSGQLYGYTF	CASSGQNYGYTF
CALCGGSNYKLTF	CALGGGSNYKLTF
CASSFEETQYF	CASSPEETQYF
CAVSHNYAQGLTF	CAVTHNYAQGLTF
CAIQGSQGNLIF	CAVQGSQGNLIF
CTCSADRENTEVFF	CTCSADRVNTEVFF
CASRPTGQLETQYF	CASSPTGQLETQYF
CASTGGGYGYTF	CASTGQGYGYTF
CASSGRSTGELFF	CASSIRSTGELFF
CSVGSGGTNEKLFF	CSVGSSGTNEKLFF
CASSQDRPSNQPQYF	CASSQDRQSNQPQYF
CASSGDSAETLYF	CASSGGSAETLYF
CAASFYGSSGNKLIF	CAASNYGSSGNKLIF
CASSARTGELFF	CASSYRTGELFF
CASSVRTGELFF	CASSYRTGELFF
CASSRLGASAETLYF	CASSRLGTSAETLYF
CASSPSRGSNQPQYF	CASSSSRGSNQPQYF
CASSMGGEQYF	CASSTGGEQYF
CAMRANSGTYQRF	CAMRQNSGTYQRF
CASSSGTINTGELFF	CASSSGTVNTGELFF
CASSLLGDYAEQFF	CASSLTGDYAEQFF
CASSDTGNSNQPQYF	CASSQTGNSNQPQYF
CASSLSRQSNQPQYF	CASSSSRQSNQPQYF
CASSFRSTDTQYF	CASSGRSTDTQYF
CASSDWGGVEQYF	CASSDWGGYEQYF
CASSLDRVSNQPQYF	CASSSDRVSNQPQYF
CAGAFGSSNTGKLIF	CAGAPGSSNTGKLIF
CTCSGGTGGYNYAEQFF	CTCSTGTGGYNYAEQFF
CASSLAPGATNEKLFF	CASSLAPGTTNEKLFF
CSARDATGNGYTF	CSARDRTGNGYTF
CASSKFANTEVFF	CASSRFANTEVFF
CAFPYNNNDMRF	CAYPYNNNDMRF
CSARSETGNTIYF	CSARSEVGNTIYF
CAASQYGSSGNKLIF	CAASTYGSSGNKLIF
CASSLESAETLYF	CASSLGSAETLYF
CASSEAGNSNQPQYF	CASSENGNSNQPQYF
CASSLSRQSNQPQYF	CASSLSRVSNQPQYF
CAVSHNTNTGKLTF	CAVSLNTNTGKLTF
CAMRGSGGSNAKLTF	CAMRSSGGSNAKLTF
CSARIGVGNTIYF	CSARTGVGNTIYF
CALSASNTNKVVF	CALSGSNTNKVVF
CASSDTGNSNQPQYF	CASSHTGNSNQPQYF
CASSLGQGEQFF	CASSLGQGEQYF
CSARASYEQYF	CSARLSYEQYF
CASSKDSAETLYF	CASSWDSAETLYF
CASSSANYGYTF	CASSSATYGYTF
CSARDKTGNGYTF	CSARDWTGNGYTF
CASSARSTGELFF	CASSGRSTGELFF
CASSLGTGDTQYF	CASSSGTGDTQYF
CASGGLDSAETLYF	CASGGRDSAETLYF
CASSFRSTDTQYF	CASSKRSTDTQYF
CASGGDSAETLYF	CASGGSSAETLYF
CASSSVNEAFF	CASSSVNEQFF
CASSLGGQDTQYF	CASSLVGQDTQYF
CAEDDNARLMF	CAEDSNARLMF
CARRQGSAETLYF	CATRQGSAETLYF
CASSLLGDYAEQFF	CASSLRGDYAEQFF
CASSQGRLGNQPQYF	CASSQGRLSNQPQYF
CASSIGQAYEQYF	CASSVGQAYEQYF
CALRENYNQGKLIF	CALTENYNQGKLIF
CASSIFGELFF	CASSIFGEQFF
CAATPSNTGKLIF	CAVTPSNTGKLIF
CAISESSAGNQPQHF	CAISESSIGNQPQHF
CASGGESAETLYF	CASRGESAETLYF
CASSLGQAYEQYF	CASSLGQGYEQYF
CTCSAGTGGYKYAEQFF	CTCSAGTGGYNYAEQFF
CASSGDSAETLYF	CASSQDSAETLYF
CASSPDRVSNQPQYF	CASSSDRVSNQPQYF
CASSRYEQYF	CASSSYEQYF
CASTASYGYTF	CASTGSYGYTF
CASSLGGYEQYF	CASSLGSYEQYF
CASSRDQNTGQLYF	CASSRDWNTGQLYF
CASSLTGGGELFF	CASSLTGGGKLFF
CAMREAGGSNAKLTF	CAMRESGGSNAKLTF
CASSPHRNTEAFF	CASSPTRNTEAFF
CASSPGRNSNQPQYF	CASSSGRNSNQPQYF
CATPGTQVVGQLTF	CPTPGTQVVGQLTF
CASSLNRVSNQPQYF	CASSVNRVSNQPQYF
CASRGDSAETLYF	CASWGDSAETLYF
CASSETGNSNQPQYF	CASSRTGNSNQPQYF
CAASSYGSSGNKLIF	CAVSSYGSSGNKLIF
CASRDTYEQYF	CASRETYEQYF
CAMRGSGGSNAKLTF	CAMRNSGGSNAKLTF
CASSIVNEAFF	CASSIVNEQFF
CAVNPDSWGKLQF	CAVPPDSWGKLQF
CASSYLGNTGELFF	CASSYVGNTGELFF
CSARIGVGNTIYF	CSARSGVGNTIYF
CAAANYGSSGNKLIF	CAASNYGSSGNKLIF
CAEITGGGNKLTF	CAERTGGGNKLTF
CASSLFRGSNQPQYF	CASSLVRGSNQPQYF
CASSSATYGYTF	CASSSAYYGYTF
CASSLDRGSNQPQYF	CASSLFRGSNQPQYF
CAASEDYNQGKLIF	CAASENYNQGKLIF
CASSFEGNTGELFF	CASSFSGNTGELFF
CALTEGADRLTF	CAVTEGADRLTF
CASSLNRGSNQPQYF	CASSLSRGSNQPQYF
CAVGNNYAQGLTF	CAVSNNYAQGLTF
CASSGDSAETLYF	CASSWDSAETLYF
CAASDYGSSGNKLIF	CAASRYGSSGNKLIF
CALAGGSNYKLTF	CALVGGSNYKLTF
CASSIRSAYEQYF	CASSIRSSYEQYF
CASSPDRGSNQPQYF	CASSPRRGSNQPQYF
CAMRANSGTYQRF	CAMRGNSGTYQRF
CAVSANSNNRIFF	CAVSLNSNNRIFF
CASSMDSAETLYF	CASSWDSAETLYF
CASSLGGYEQYF	CASSLGNYEQYF
CASSRDSAETLYF	CASSSDSAETLYF
CASSLGDEQYF	CASSTGDEQYF
CASSLDRGSNQPQYF	CASSLYRGSNQPQYF
CASSIDKRSNQPQYF	CASSIDRRSNQPQYF
CASSLAGYEQYF	CASSLGGYEQYF
CALSHYGSSGNKLIF	CALSSYGSSGNKLIF
CASSQQGNSNQPQYF	CASSQTGNSNQPQYF
CAMRANSGTYQRF	CAMRWNSGTYQRF
CAYPGGGADGLTF	CAYSGGGADGLTF
CASSLDRNTGELFF	CASSLDRVTGELFF
CAVPGSQGNLIF	CAVQGSQGNLIF
CASSIRASYEQYF	CASSSRASYEQYF
CSARDATGNGYTF	CSARDSTGNGYTF
CASSQDSAETLYF	CASSSDSAETLYF
CSATNRDRGLEQYF	CSATSRDRGLEQYF
CVVGENYGSSGNKLIF	CVVGLNYGSSGNKLIF
CASSHDRRSNQPQYF	CASSSDRRSNQPQYF
CASSLGWGLDQPQHF	CASSPGWGLDQPQHF
CASSFDAEAFF	CASSFDSEAFF
CASSLGGGVFF	CASSLGRGVFF
CASSLDRRSNQPQYF	CASSSDRRSNQPQYF
CAASDYGSSGNKLIF	CALSDYGSSGNKLIF
CSARDGTGNGYTF	CSARDSTGNGYTF
CAGAEGGSQGNLIF	CAGAGGGSQGNLIF
CAVSTNYAQGLTF	CAVSVNYAQGLTF
CASSQDRGAVYGYTF	CASSQDRGYVYGYTF
CASSGESAETLYF	CASSQESAETLYF
CASSSAFYGYTF	CASSSASYGYTF
CAISDSSSGSNEQFF	CAISESSSGSNEQFF
CASSFRSTDTQYF	CASSMRSTDTQYF
CAGASGNTGKLIF	CAGATGNTGKLIF
CASSLDRVSNQPQYF	CASSLTRVSNQPQYF
CAASKYGSSGNKLIF	CAASNYGSSGNKLIF
CASSTDSAETLYF	CASSTESAETLYF
CASSVGQGKTYEQYF	CASSVGQGVTYEQYF
CASSPGDYAEQFF	CASSTGDYAEQFF
CASSAGTGGFNYAEQFF	CASSAGTGGYNYAEQFF
CATVLRMDSSYKLIF	CATVSRMDSSYKLIF
CSARDRVGNTIYF	CSARSRVGNTIYF
CASSSVNEQFF	CASSSVNEQYF
CSARGEGGSYNEQFF	CSARQEGGSYNEQFF
CASGGDSAETLYF	CASWGDSAETLYF
CASSLSRGSNQPQYF	CASSPSRGSNQPQYF
CASSDHRGTEVFF	CASSDHRNTEVFF
CASSGDSAETLYF	CASSHDSAETLYF
CAGADGGSQGNLIF	CAGAEGGSQGNLIF
CASSWDSAETLYF	CASSWESAETLYF
CASSSVDEAFF	CASSSVSEAFF
CAAQGSQGNLIF	CAIQGSQGNLIF
CASSGGSAETLYF	CASSTGSAETLYF
CASSTRSTDTQYF	CASSVRSTDTQYF
CASSLRRGSNQPQYF	CASSLVRGSNQPQYF
CASSPLGTSAETLYF	CASSRLGTSAETLYF
CASSSRASYEQYF	CASSSRSSYEQYF
CASSTRSAYEQYF	CASSTRSGYEQYF
CASSLGPTEAFF	CASSQGPTEAFF
CAAFQGAQKLVF	CIAFQGAQKLVF
CAVDGSQGNLIF	CAVGGSQGNLIF
CASSHDSAETLYF	CASSSDSAETLYF
CAVSFYGSSGNKLIF	CAVSSYGSSGNKLIF
CASSSVDEAFF	CASSSVNEAFF
CASSDLNSPLHF	CASSGLNSPLHF
CASSKSRLSNQPQYF	CASSTSRLSNQPQYF
CALIMNYNQGKLIF	CALRMNYNQGKLIF
CATETQVVGQLTF	CATSTQVVGQLTF
CAVSDNYAQGLTF	CAVSVNYAQGLTF
CALSLYGSSGNKLIF	CALSSYGSSGNKLIF
CASSLRGTGELFF	CASSLSGTGELFF
CASSTESAETLYF	CASSWESAETLYF
CADSGGGADGLTF	CAVSGGGADGLTF
CASSEGDTEAFF	CASSRGDTEAFF
CALSDGGGSNYKLTF	CALSDSGGSNYKLTF
CASSDDSAETLYF	CASSGDSAETLYF
CTCSAGTGGYNYAEQFF	CTCSGGTGGYNYAEQFF
CASSLTNEQFF	CASSLTSEQFF
CASSLIASGGYNEQFF	CASSLMASGGYNEQFF
CASSPNRNTEAFF	CASSPTRNTEAFF
CASSPARNTEAFF	CASSPNRNTEAFF
CAVSRNYAQGLTF	CAVSSNYAQGLTF
CSARQGLNNEQFF	CSARVGLNNEQFF
CAEDFNARLMF	CAEDNNARLMF
CATDAKTQVVGQLTF	CATDARTQVVGQLTF
CASSADSAETLYF	CASSHDSAETLYF
CSAEQGNTEAFF	CSAETGNTEAFF
CASSASGNSNQPQYF	CASSLSGNSNQPQYF
CASSKRSTDTQYF	CASSMRSTDTQYF
CALSDYGSSGNKLIF	CALSLYGSSGNKLIF
CASSLMQGTDTQYF	CASSLMSGTDTQYF
CASSADSAETLYF	CASSWDSAETLYF
CASSGGSYGYTF	CASSIGSYGYTF
CASSSRTGELFF	CASSVRTGELFF
CAGADGSSNTGKLIF	CAGASGSSNTGKLIF
CASSPGTAPNEKLFF	CASSPGTGPNEKLFF
CASNTGNQFYF	CATNTGNQFYF
CASGGSSYEQYF	CASTGSSYEQYF
CASSPLGSSAETLYF	CASSRLGSSAETLYF
CASSLGTESNQPQHF	CASSSGTESNQPQHF
CAVSGNYAQGLTF	CAVSVNYAQGLTF
CASSGGAEQFF	CASSTGAEQFF
CAASFYGSSGNKLIF	CAASQYGSSGNKLIF
CASSFRGDYAEQFF	CASSYRGDYAEQFF
CASGLGSYEQYF	CASSLGSYEQYF
CASSEAGNSNQPQYF	CASSETGNSNQPQYF
CASSARSTGELFF	CASSVRSTGELFF
CASSMDSAETLYF	CASSQDSAETLYF
CASSFRSTDTQYF	CASSTRSTDTQYF
CASSMADLSYEQYF	CASSRADLSYEQYF
CARGYGSSGNKLIF	CATGYGSSGNKLIF
CASSRRGAATSTDTQYF	CASSRRGATTSTDTQYF
CASSLGAGNYGYTF	CASSLGSGNYGYTF
CASSYQTGTGNYGYTF	CASSYQTGTGVYGYTF
CASSLDRISNQPQYF	CASSLSRISNQPQYF
CASSQETGSYEQFF	CASSQETGSYEQYF
CASSGAGDRGPNQPQHF	CASSLAGDRGPNQPQHF
CASSLRSTGELFF	CASSVRSTGELFF
CASSGDSAETLYF	CASSGESAETLYF
CASSPARNTEAFF	CASSPTRNTEAFF
CASSSAFYGYTF	CASSSATYGYTF
CSSQEGGYGYTF	CSTQEGGYGYTF
CSGGQGEGEQFF	CSGGQGEGEQYF
CAVSRNYAQGLTF	CAVSVNYAQGLTF
CASSLDRRSNQPQYF	CASSLDRTSNQPQYF
CASSPDRVSNQPQYF	CASSQDRVSNQPQYF
CASSENRVTTDYPNEKLFF	CASSKNRVTTDYPNEKLFF
CASSGESAETLYF	CASSGGSAETLYF
CAEDFNARLMF	CAEDSNARLMF
CASSPRTGGTEAFF	CASSPRTLGTEAFF
CASGTGDSNQPQHF	CASSTGDSNQPQHF
CASSSAFYGYTF	CASSSAHYGYTF
CASSGGSAETLYF	CASSLGSAETLYF
CAVSRYGSSGNKLIF	CAVSSYGSSGNKLIF
CAASFYGSSGNKLIF	CAASTYGSSGNKLIF
CSVPKTGTSGFNEQFF	CSVPKVGTSGFNEQFF
CAAQGSQGNLIF	CAARGSQGNLIF
CAISTGDSNQPQHF	CASSTGDSNQPQHF
CSARDQTGNGYTF	CSARDRTGNGYTF
CASSIFGEQYF	CASSVFGEQYF
CASSDDSAETLYF	CASSLDSAETLYF
CASSIGQDEQYF	CASSIGQYEQYF
CASSQDRNTGQLYF	CASSWDRNTGQLYF
CASSIYSGQPQHF	CASSIYSNQPQHF
CASSLGQGYEQYF	CASSPGQGYEQYF
CASTKLALAYEHYF	CASTKLALAYEQYF
CASSHRTGELFF	CASSQRTGELFF
CAAGQGGSAKLIF	CAANQGGSAKLIF
CASSARTSGGSDTQYF	CASSRRTSGGSDTQYF
CALGDRRTGNYKYVF	CALGDRVTGNYKYVF
CASSRLGASAETLYF	CASSRLGSSAETLYF
CASSALAGGTDTQYF	CASSALASGTDTQYF
CASSRGRASNQPQYF	CASSRGRGSNQPQYF
CASSMDSAETLYF	CASSRDSAETLYF
CASSLVGQLDEQYF	CASSLVGQLYEQYF
CASSLVRGSNQPQYF	CASSSVRGSNQPQYF
CAVSFNYAQGLTF	CAVSNNYAQGLTF
CASSQEGGGGGQPQHF	CASSQEGGGQGQPQHF
CASSYATGASYGYTF	CASSYQTGASYGYTF
CASSLNRLSNQPQYF	CASSLNRQSNQPQYF
CASSLGTESNQPQHF	CASSPGTESNQPQHF
CASSQSPGGFQYF	CASSQSPGGTQYF
CASSPRGRDETQYF	CASSPRGREETQYF
CASSSRTGELFF	CASSYRTGELFF
CAASFYGSSGNKLIF	CAVSFYGSSGNKLIF
CASRPGQGGYEQYF	CASSPGQGGYEQYF
CASSPQRNTEAFF	CASSPYRNTEAFF
CAFMKDAGGTSYGKLTF	CAFMKGAGGTSYGKLTF
CASSIDRRSNQPQYF	CASSPDRRSNQPQYF
CASSLDSYEQYF	CASSLGSYEQYF
CASRLTRVSNQPQYF	CASSLTRVSNQPQYF
CASSIDRRSNQPQYF	CASSIDRVSNQPQYF
CASSIRSAYEQYF	CASSTRSAYEQYF
CAAPQGGSAKLIF	CAASQGGSAKLIF
CASSEGGEQYF	CASSEGREQYF
CASSLGLNYEQYF	CASSRGLNYEQYF
CASSKRSTDTQYF	CASSVRSTDTQYF
CALSDYGSSGNKLIF	CALSHYGSSGNKLIF
CASTRGSTDTQYF	CTSTRGSTDTQYF
CAVSSNYAQGLTF	CAVSVNYAQGLTF
CALSEAGRGGSYIPTF	CALSEAGTGGSYIPTF
CASSLNRLSNQPQYF	CASSLNRNSNQPQYF
CASSEQGNSNQPQYF	CASSFQGNSNQPQYF
CASSFGTESNQPQHF	CASSLGTESNQPQHF
CASSVNRVSNQPQYF	CASSVSRVSNQPQYF
CADSGGGADGLTF	CAYSGGGADGLTF
CAMRGSGGSNAKLTF	CAMRVSGGSNAKLTF
CASSRLGSSAETLYF	CASSSLGSSAETLYF
CASSRDWGGQDTQYF	CASSRDWGYQDTQYF
CALRDRGSALGRLHF	CAVRDRGSALGRLHF
CAMREGKGGGSNYKLTF	CAMREGRGGGSNYKLTF
CASSSGTGGYNYAEQFF	CASSYGTGGYNYAEQFF
CASSLDRTSNQPQYF	CASSLDRVSNQPQYF
CASSHRQGGTGELFF	CASSSRQGGTGELFF
CATGRGGKIGEQYF	CATGRGGMIGEQYF
CAASDYGSSGNKLIF	CAASNYGSSGNKLIF
CASSLDRISNQPQYF	CASSLDRVSNQPQYF
CSARDATGNGYTF	CSARDQTGNGYTF
CSARDKTGNGYTF	CSARDQTGNGYTF
CAYDDMRF	CAYNDMRF
CAVSFNYAQGLTF	CAVSSNYAQGLTF
CASRGDSAETLYF	CASRRDSAETLYF
CASSHDSAETLYF	CASSTDSAETLYF
CATDAQVVGQLTF	CATEAQVVGQLTF
CVLSAASNNRIFF	CVLSASSNNRIFF
CASSPSRNTEAFF	CASSPYRNTEAFF
CAASDDYNQGKLIF	CAASEDYNQGKLIF
CASSFRSTDTQYF	CASSIRSTDTQYF
CASSLDRGEVFF	CASSWDRGEVFF
CASSQETGDEQYF	CASSQETGDTQYF
CAVTHNYAQGLTF	CAVTLNYAQGLTF
CAASESGSWQLIF	CAASSSGSWQLIF
CASSLSRISNQPQYF	CASSLSRTSNQPQYF
CASSYSRGAGNTIYF	CASSYSRGSGNTIYF
CASSLARGSNQPQYF	CASSLDRGSNQPQYF
CASSVDKGGTDEQFF	CASSVDKGGVDEQFF
CTCSGGTGGYNYAEQFF	CTCSSGTGGYNYAEQFF
CASSAGTGGFNYAEQFF	CASSGGTGGFNYAEQFF
CASSLTSAAGELFF	CASSLTSATGELFF
CASSLRGDYAEQFF	CASSLTGDYAEQFF
CAVSGGGADGLTF	CAYSGGGADGLTF
CAWSISDLAKNIQYF	CAWTISDLAKNIQYF
CASSPRQGGTGELFF	CASSSRQGGTGELFF
CAGAFGSSNTGKLIF	CAGAIGSSNTGKLIF
CAHNTGNQFYF	CARNTGNQFYF
CAVSFYGSSGNKLIF	CAVSRYGSSGNKLIF
CASSYQTGAAYGYTF	CASSYQTGASYGYTF
CAVQGSQGNLIF	CAVSGSQGNLIF
CASSLNRGSNQPQYF	CASSLNRQSNQPQYF
CASSLDRGEQFF	CASSLDRGEQYF
CASRGESAETLYF	CASSGESAETLYF
CASSLSGQLDEQFF	CASSLSGQLDEQYF
CASSLGTSAYEQYF	CASSLGTSSYEQYF
CASSLNRNSNQPQYF	CASSQNRNSNQPQYF
CASSLRGTGELFF	CASSLRSTGELFF
CAVNGGGSNYKLTF	CAVNSGGSNYKLTF
CATETQVVGQLTF	CATPTQVVGQLTF
CASSIFGEQFF	CASSIFGEQYF
CASSDSYGYTF	CASSTSYGYTF
CASSIRSSYEQYF	CASSMRSSYEQYF
CAVGTGGYKVVF	CAVLTGGYKVVF
CASSMRSSYEQYF	CASSSRSSYEQYF
CATETQVVGQLTF	CATGTQVVGQLTF
CAASKYGSSGNKLIF	CAASRYGSSGNKLIF
CASSDSYGYTF	CASTDSYGYTF
CAHRSAGGGTSYGKLTF	CAYRSAGGGTSYGKLTF
CATAGTQVVGQLTF	CATPGTQVVGQLTF
CAASNYGSSGNKLIF	CAASQYGSSGNKLIF
CASSPGTAPNEKLFF	CASSPPTAPNEKLFF
CASSSAHYGYTF	CASSSATYGYTF
CASSPITGTGAYGYTF	CASSPITGTGIYGYTF
CALGGGSNYQLIW	CAVGGGSNYQLIW
CASSPQTGAIYGYTF	CASSPQTGTIYGYTF
CALFYGSSGNKLIF	CALPYGSSGNKLIF
CASSRLGTSAETLYF	CASSRLGVSAETLYF
CASSPDGELFF	CASSPGGELFF
CASSIRSSYEQYF	CASSTRSSYEQYF
CASSGRSTDTQYF	CASSIRSTDTQYF
CAESTCWGKLQF	CAESTSWGKLQF
CSARDRTGNGYTF	CSARDRVGNGYTF
CASSPDRAQTQYF	CASSPDRLQTQYF
CASSLDRNTGQLYF	CASSWDRNTGQLYF
CASSLDRGEQYF	CASSWDRGEQYF
CASSLNRVSNQPQYF	CASSLSRVSNQPQYF
CAVSLNYAQGLTF	CAVSYNYAQGLTF
CASSQGSYEQYF	CASSSGSYEQYF
CASGGRDSAETLYF	CASSGRDSAETLYF
CASSGGANTGQLYF	CASSGGPNTGQLYF
CASSLGSYEQYF	CASSYGSYEQYF
CASSIRSAYEQYF	CASSSRSAYEQYF
CASSPGTAPNEKLFF	CASSPGTEPNEKLFF
CAVSENYAQGLTF	CAVSLNYAQGLTF
CAAGQGGSAKLIF	CAAPQGGSAKLIF
CASSLNRQSNQPQYF	CASSLSRQSNQPQYF
CAVSRNYAQGLTF	CAVSYNYAQGLTF
CSARDRIGNGYTF	CSARDRVGNGYTF
CAVSGNYAQGLTF	CAVSSNYAQGLTF
CSARDQTGNGYTF	CSARDWTGNGYTF
CAMRAYGSSGNKLIF	CAMRDYGSSGNKLIF
CALSDGTGGYKVVF	CAMSDGTGGYKVVF
CALSPTGGYKVVF	CALSRTGGYKVVF
CASSPGQYSHEQYF	CASSQGQYSHEQYF
CAEGDSNYQLIW	CARGDSNYQLIW
CTCSAGTGGYNYAEQFF	CTCSSGTGGYNYAEQFF
CALSLYGSSGNKLIF	CVLSLYGSSGNKLIF
CASSMRSTDTQYF	CASSTRSTDTQYF
CAANQGGSAKLIF	CAAPQGGSAKLIF
CATGTQVVGQLTF	CATSTQVVGQLTF
CASSLSRQSNQPQYF	CASSLSRQTNQPQYF
CASSDWGVQDTQYF	CASSDWGVRDTQYF
CASSPRTGELFF	CASSSRTGELFF
CASSLSRTSNQPQYF	CASSLSRVSNQPQYF
CAASSYGSSGNKLIF	CAASTYGSSGNKLIF
CAISESSIGNQPQHF	CAISESSSGNQPQHF
CASSKDSAETLYF	CASSRDSAETLYF
CASSMRSSYEQYF	CASSTRSSYEQYF
CSAEQGNTEAFF	CSAESGNTEAFF
CAASQYGSSGNKLIF	CAASRYGSSGNKLIF
CASSESGNSNQPQYF	CASSEVGNSNQPQYF
CASSGQDYGYTF	CASSGTDYGYTF
CASTRASTDTQYF	CASTRGSTDTQYF
CASSSGTGPNEKLFF	CASTSGTGPNEKLFF
CALIPNYNQGKLIF	CALTPNYNQGKLIF
CASSQGRGSNQPQYF	CASSQGRLSNQPQYF
CASSLSRQNNQPQYF	CASSLSRQSNQPQYF
CASSDDSAETLYF	CASSSDSAETLYF
CASSLDRVANQPQYF	CASSLDRVSNQPQYF
CAVSGNYAQGLTF	CAVSHNYAQGLTF
CAVSFNYAQGLTF	CAVSHNYAQGLTF
CALLNSGGYQKVTF	CALMNSGGYQKVTF
CASSFQGNSNQPQYF	CASSQQGNSNQPQYF
CASSADSAETLYF	CASSPDSAETLYF
CAESIGKLIF	CAESTGKLIF
CAGAFGSSNTGKLIF	CAGASGSSNTGKLIF
CSAESGNTEAFF	CSAETGNTEAFF
CASSFDAEAFF	CASSFDAEQFF
CASSHRTGELFF	CASSPRTGELFF
CASSYQTGTGNYGYTF	CASSYQTGTGTYGYTF
CASSLNRNSNQPQYF	CASSLSRNSNQPQYF
CASSQEGGGDGQPQHF	CASSQEGGGQGQPQHF
CASSPTGLPGNEQFF	CASSRTGLPGNEQFF
CSVGAAGTNEKLFF	CSVGAGGTNEKLFF
CASSHDRRSNQPQYF	CASSPDRRSNQPQYF
CASSPSGQLDEQFF	CASSSSGQLDEQFF
CAVGNNYAQGLTF	CAVLNNYAQGLTF
CSAKDRGAENTGELFF	CSARDRGAENTGELFF
CASSITGTGEAFF	CASSPTGTGEAFF
CASSLRRGSNQPQYF	CASSLSRGSNQPQYF
CASSIGVYGYTF	CASSIGYYGYTF
CTCSSGTGGFNYAEQFF	CTCSTGTGGFNYAEQFF
CASSYSRGAGNTIYF	CASSYSRGVGNTIYF
CASSGNSAETLYF	CASSGSSAETLYF
CASSIRSTGELFF	CASSLRSTGELFF
CAASDYGSSGNKLIF	CAASKYGSSGNKLIF
CATAGTQVVGQLTF	CATDGTQVVGQLTF
CASRGQSSAETLYF	CASRGQTSAETLYF
CASSTGDSNQPQHF	CATSTGDSNQPQHF
CAVSITASLGKLQF	CAVSLTASLGKLQF
CASSTDSAETLYF	CASSTGSAETLYF
CASSGGAHTGQLYF	CASSGGANTGQLYF
CASSGGANTGQLYF	CASSGGSNTGQLYF
CAVSRNYAQGLTF	CAVSTNYAQGLTF
CASSPLTGTGHYGYTF	CASSPTTGTGHYGYTF
CASSARTGELFF	CASSHRTGELFF
CAAAQGGSAKLIF	CAANQGGSAKLIF
CAVSANYAQGLTF	CAVSYNYAQGLTF
CASSSGEGVFF	CASSSGGGVFF
CASSIRSEDTQYF	CASSIRSTDTQYF
CASSLGQAYEQYF	CASSSGQAYEQYF
CSARDRVGNGHTF	CSARDRVGNGYTF
CASSLNRLSNQPQYF	CASSLNRVSNQPQYF
CTCSGLDSAETLYF	CTCSGRDSAETLYF
CASSEGRVLPGELFF	CASSEGRVLSGELFF
CASSPGDYAEQFF	CASSSGDYAEQFF
CASSGRSADTQYF	CASSMRSADTQYF
CSARDGTGNGYTF	CSARDQTGNGYTF
CASSPPTAPNEKLFF	CASSPTTAPNEKLFF
CASSETGNSNQPQYF	CASSKTGNSNQPQYF
CASRGTDSAETLYF	CASRGTTSAETLYF
CAVPGSQGNLIF	CAVSGSQGNLIF
CASSPGTGELFF	CASSPRTGELFF
CASSQSPGGEQYF	CASSQSPGGFQYF
CASSLDRGSNQPQYF	CASSLNRGSNQPQYF
CASSDWGNQDTQYF	CASSSWGNQDTQYF
CAMRGSGGSNAKLTF	CAMRISGGSNAKLTF
CASSGGTGGYNYAEQFF	CASSPGTGGYNYAEQFF
CASSLFTDNRDGYTF	CASSLFTDRRDGYTF
CTCSAGTGGFNYAEQFF	CTCSAGTGGYNYAEQFF
CASSLSGQLDEQYF	CASSLVGQLDEQYF
CASSELAGVGETQYF	CASSPLAGVGETQYF
CASSLGDYAEQFF	CASSTGDYAEQFF
CASSLGTSGSYEQYF	CASSLGTSSSYEQYF
CASSFGVNTEAFF	CASSLGVNTEAFF
CASSIVNEAFF	CASSSVNEAFF
CASSGLGTSAETLYF	CASSTLGTSAETLYF
CTCSDGTGGYNYAEQFF	CTCSGGTGGYNYAEQFF
CALGGGSNYKLTF	CALVGGSNYKLTF
CSARDEVGNTIYF	CSARSEVGNTIYF
CASRGTDSAETLYF	CASSGTDSAETLYF
CASSLSRGSNQPQYF	CASSLVRGSNQPQYF
CAVSENYAQGLTF	CAVSTNYAQGLTF
CASRTGTINTGELFF	CASRTGTSNTGELFF
CASSLGGEVFF	CASTLGGEVFF
CAVSANYAQGLTF	CAVSFNYAQGLTF
CASSLLGASAETLYF	CASSRLGASAETLYF
CAWTGSSAETLYF	CAWTGTSAETLYF
CASSPDSAETLYF	CASSSDSAETLYF
CAVSANYAQGLTF	CAVSSNYAQGLTF
CASSIRSTDTQYF	CASSKRSTDTQYF
CASSLETGDEQYF	CASSQETGDEQYF
CASSGRSTGELFF	CASSLRSTGELFF
CSVGSAGTNEKLFF	CSVGSSGTNEKLFF
CASKQNRNSNQPQYF	CASSQNRNSNQPQYF
CASSPDSAETLYF	CAWSPDSAETLYF
CAVSHNYAQGLTF	CAVSYNYAQGLTF
CASKGQGARDGYTF	CASNGQGARDGYTF
CASSEDRNEQFF	CASSWDRNEQFF
CATGTGDSNQPQHF	CATSTGDSNQPQHF
CASSLDRGSNQPQYF	CASSLDRRSNQPQYF
CAMRESGGSNAKLTF	CAMRNSGGSNAKLTF
CAGAYGGSQGNLIF	CAGSYGGSQGNLIF
CASSARTGELFF	CASSQRTGELFF
CASASANYGYTF	CASSSANYGYTF
CASSLGDYAEQFF	CASSSGDYAEQFF
CASSLETGSYEQYF	CASSQETGSYEQYF
CTCSAGTGGYNYAEQFF	CTCSTGTGGYNYAEQFF
CAEDDNARLMF	CAEDNNARLMF
CASSLGTESNQPQHF	CASSTGTESNQPQHF
CASSPARNTEAFF	CASSPHRNTEAFF
CASSVEGTIHTDTQYF	CASSVEGTILTDTQYF
CASSGTYGYTF	CASSMTYGYTF
CASSLGDEQYF	CASSLGGEQYF
CAVSENYAQGLTF	CAVSFNYAQGLTF
CASSPGTGPNEKLFF	CASSSGTGPNEKLFF
CALAGGSNYKLTF	CALGGGSNYKLTF
CAAGQGGSAKLIF	CAASQGGSAKLIF
CALVHYGSSGNKLIF	CALVIYGSSGNKLIF
CAVSANYNVLYF	CAVSENYNVLYF
CASSLRSRAYEQYF	CASSLRSRGYEQYF
CASSARSGELFF	CASSSRSGELFF
CASSLNRVSNQPQYF	CASSLTRVSNQPQYF
CASSLNRGSNQPQYF	CASSLYRGSNQPQYF
CASSSGRNSNQPQYF	CASSSTRNSNQPQYF
CAAATGNTGKLIF	CAASTGNTGKLIF
CASSAGRVSPGELFF	CASSEGRVSPGELFF
CTCSDGTGGYNYAEQFF	CTCSSGTGGYNYAEQFF
CASSAPAGELFF	CASSAPTGELFF
CASSLSRISNQPQYF	CASSLSRNSNQPQYF
CASSKNRVTTAEPNEKLFF	CTSSKNRVTTAEPNEKLFF
CASSLSGNSNQPQYF	CASSLSRNSNQPQYF
CAVGSNYQLIW	CAVNSNYQLIW
CASSQGRGSNQPQYF	CASSRGRGSNQPQYF
CASSGGDSAETLYF	CASSGTDSAETLYF
CASGQKGLDTEAFF	CASSQKGLDTEAFF
CSARSGVGNTIYF	CSARTGVGNTIYF
CAVSFNYAQGLTF	CAVSGNYAQGLTF
CASNTGNQFYF	CASPTGNQFYF
CVLGDGTGGYKVVF	CVLGEGTGGYKVVF
CASSGQNYGYTF	CASSGRNYGYTF
CASSKGDYAEQFF	CASSTGDYAEQFF
CASSPGTGPNEKLFF	CASTPGTGPNEKLFF
CASSPGQFGNTIYF	CASSPGQLGNTIYF
CAVNDYGQNFVF	CAVNNYGQNFVF
CASSGESAETLYF	CASSTESAETLYF
CALGEGTGGYKVVF	CVLGEGTGGYKVVF
CASSDDSAETLYF	CASSMDSAETLYF
CAEDAGNMLTF	CARDAGNMLTF
CASSSLDTEAFF	CASSSLNTEAFF
CASSGGSYGYTF	CASSMGSYGYTF
CASSDHRNTEVFF	CASSDHRTTEVFF
CASSKDSAETLYF	CASSLDSAETLYF
CASSLSRGSNQPQYF	CASSLSRSSNQPQYF
CASSFADSAETLYF	CASSFRDSAETLYF
CASSQRTGELFF	CASSYRTGELFF
CASSPPDSAETLYF	CASSPRDSAETLYF
CASSGSYGYTF	CASSTSYGYTF
CAASENYNQGKLIF	CALSENYNQGKLIF
CASSLDRRSNQPQYF	CASSPDRRSNQPQYF
CASKGGGNTGQLYF	CASSGGGNTGQLYF
CAASASSSFSKLVF	CAASGSSSFSKLVF
CAVFF	CAVNF
CASSTRSGYEQYF	CASSTRSSYEQYF
CASRGQTSAETLYF	CASRGTTSAETLYF
CASSTGDEQYF	CASSTGGEQYF
CASGGDSAETLYF	CASRGDSAETLYF
CASSPQRNTEAFF	CASSPSRNTEAFF
CASSLDRNEQFF	CASSLDVNEQFF
CAISTGDSNQPQHF	CATSTGDSNQPQHF
CASSIRSGYEQYF	CASSTRSGYEQYF
CAAAASGGSYIPTF	CAVAASGGSYIPTF
CASSWGDEQYF	CASSWGSEQYF
CASSLGGATDPQYF	CASSLGGVTDPQYF
CASSRSSAETLYF	CASSYSSAETLYF
CASSRLAGGTDTQYF	CASSRLASGTDTQYF
CASSTRSSYEQYF	CASSVRSSYEQYF
CASSILGGGAETLYF	CASSIVGGGAETLYF
CALGDRGTGNYKYVF	CALGDRRTGNYKYVF
CAAGGSQGNLIF	CAAQGSQGNLIF
CAVSHNYAQGLTF	CAVSVNYAQGLTF
CSVGADGTNEKLFF	CSVGAGGTNEKLFF
CASSLLGQLYEQYF	CASSLVGQLYEQYF
CALRENYNQGKLIF	CALRMNYNQGKLIF
CASSPGTEPNEKLFF	CASSPGTGPNEKLFF
CAADTGNYKYVF	CAVDTGNYKYVF
CAVSANYAQGLTF	CAVSENYAQGLTF
CASSDNWGYEQYF	CASSENWGYEQYF
CAEDNNARLMF	CAHDNNARLMF
CAVSLNYAQGLTF	CAVSTNYAQGLTF
CTCSAGTGGFNYAEQFF	CTCSTGTGGFNYAEQFF
CASSDDSAETLYF	CASSTDSAETLYF
CASSSDSAETLYF	CASSWDSAETLYF
CAASMDSNYQLIW	CAAVMDSNYQLIW
CASSWGGGEQYF	CASSYGGGEQYF
CASSLSHSTGNYGYTF	CASSLSPSTGNYGYTF
CAAQGSQGNLIF	CAVQGSQGNLIF
CASSSLNTEAFF	CASSSPNTEAFF
CASSLSRVSNQPQYF	CASSVSRVSNQPQYF
CALGIYGSSGNKLIF	CALVIYGSSGNKLIF
CASSLGQGAYEQYF	CASSLGQGSYEQYF
CASSSGSYEQYF	CASSYGSYEQYF
CASSLDSAETLYF	CASSRDSAETLYF
CASSFANYGYTF	CASSSANYGYTF
CASSQDRLTGGYTF	CASSQDRYTGGYTF
CASSLSRGSNQPQYF	CASSLSRNSNQPQYF
CASSADSAETLYF	CASSKDSAETLYF
CASSLSRSSNQPQYF	CASSLSRTSNQPQYF
CASSPGTAPNEKLFF	CASSPTTAPNEKLFF
CASSPGTESNQPQHF	CASSSGTESNQPQHF
CASSSDRSSNQPQYF	CASSSDRVSNQPQYF
CASSQGRISNQPQYF	CASSQGRQSNQPQYF
CAVSENYAQGLTF	CAVSRNYAQGLTF
CAIGTGDSNQPQHF	CATGTGDSNQPQHF
CSARDRGAANTGELFF	CSARDRGAENTGELFF
CASSSRQNTEAFF	CASSTRQNTEAFF
CAVSDNYQLIW	CAVSGNYQLIW
CAISFVTESNQPQHF	CASSFVTESNQPQHF
CALGGGSNYKLTF	CALGRGSNYKLTF
CASTGTAYGYTF	CASTGTDYGYTF
CASSGLGSSAETLYF	CASSSLGSSAETLYF
CALGEGTGGYKVVF	CALSEGTGGYKVVF
CALSENYNQGKLIF	CALTENYNQGKLIF
CASSHRGTGELFF	CASSLRGTGELFF
CAGADGGSQGNLIF	CAGAGGGSQGNLIF
CASSETGNSNQPQYF	CASSEVGNSNQPQYF
CASSPRRGSNQPQYF	CASSPTRGSNQPQYF
CSARDSTGNGYTF	CSARDWTGNGYTF
CAGPMKTSYDKVIF	CAGPRKTSYDKVIF
CAVSGNYAQGLTF	CAVSYNYAQGLTF
CASSLGQIEQYF	CASSLGQLEQYF
CSARAGVGNTIYF	CSARLGVGNTIYF
CASSIRSTDTQYF	CASSTRSTDTQYF
CASSRLGSSAETLYF	CASSRLGTSAETLYF
CASSSAHYGYTF	CASSSASYGYTF
CASSGARISNQPQYF	CASSPARISNQPQYF
CSARDRTGNGYTF	CSARDWTGNGYTF
CASSLNRNSNQPQYF	CASSLNRVSNQPQYF
CAGAGGGSQGNLIF	CAGAYGGSQGNLIF
CAGDGGGGSQGNLIF	CATDGGGGSQGNLIF
CASSLGPTEAFF	CASSLGYTEAFF
CASSFGTESNQPQHF	CASSTGTESNQPQHF
CASSMDSAETLYF	CASSSDSAETLYF
CASSLRSRAYEQYF	CASSLRSRSYEQYF
CASSEGGEQYF	CASSLGGEQYF
CAGADGGSQGNLIF	CAGAYGGSQGNLIF
CALSDHQGGSAKLIF	CALSDRQGGSAKLIF
CASSPDRGSNQPQYF	CASSPDRVSNQPQYF
CASSALAARTDTQYF	CASSALSARTDTQYF
CASSLGANTIYF	CASSLGVNTIYF
CASSLDRVSNQPQYF	CASSQDRVSNQPQYF
CASSTDSAETLYF	CASSWDSAETLYF
CASSGGGNSNQPQYF	CASSGQGNSNQPQYF
CASSAGTGGYNYAEQFF	CASSGGTGGYNYAEQFF
CASSLGLNTIYF	CASSLGVNTIYF
CASSGLDSAETLYF	CASSGRDSAETLYF
CASSRDSAETLYF	CASSTDSAETLYF
CASSQSPGGQQFF	CASSQSPGGYQFF
CASSEEGDTQYF	CASSEEWDTQYF
CASSLGTGTEVFF	CASSLGTNTEVFF
CASSLDRGSNQPQYF	CASSLDRVSNQPQYF
CAPSSGSWQLIF	CATSSGSWQLIF
CASSLDRRSNQPQYF	CASSLDRVSNQPQYF
CASSLIGHSNQPQHF	CASSMIGHSNQPQHF
CASSLGGGNQETQYF	CASSLSGGNQETQYF
CASSDSYGYTF	CASSGSYGYTF
CALGAGSNYQLIW	CALGGGSNYQLIW
CASSLGQAYEQYF	CASSVGQAYEQYF
CATEGRMDSSYKLIF	CATEIRMDSSYKLIF
CASSFRGDYAEQFF	CASSLRGDYAEQFF
CASSRRTIGGADTQYF	CASSRRTSGGADTQYF
CAMRAYGSSGNKLIF	CAVRAYGSSGNKLIF
CAEDAGNMLTF	CAENAGNMLTF
CTCSAGTGGFNYAEQFF	CTCSSGTGGFNYAEQFF
CASSENGNSNQPQYF	CASSETGNSNQPQYF
CAGADGSGNTGKLIF	CAGADGSSNTGKLIF
CAAGGSQGNLIF	CAVGGSQGNLIF
CALGDGTGGYKVVF	CALGEGTGGYKVVF
CALSHYGSSGNKLIF	CALSLYGSSGNKLIF
CASSFGGNSNQPQYF	CASSYGGNSNQPQYF
CASSLRSRGYEQYF	CASSLRSRSYEQYF
CASSLLAGQETQYF	CASSLSAGQETQYF
CASSAGTINTGELFF	CASSSGTINTGELFF
CASSLYSGADQPQHF	CASSLYSGPDQPQHF
CAISELASGTDTQYF	CASSELASGTDTQYF
CASSGLDSAETLYF	CASSGTDSAETLYF
CASSGQGYGYTF	CASSGQNYGYTF
CASRMQGRDNEQFF	CASRPQGRDNEQFF
CAVRDIIARLMF	CAVRDISARLMF
CAVSENYAQGLTF	CAVSNNYAQGLTF
CSARDATGNGYTF	CSARDWTGNGYTF
CSARAGGGEAKNIQYF	CSARASGGEAKNIQYF
CTCSDGTGGYNYAEQFF	CTCSTGTGGYNYAEQFF
CASSFGQAPLF	CASSGGQAPLF
CASSLDSAETLYF	CASSPDSAETLYF
CASSLFRGSNQPQYF	CASSLYRGSNQPQYF
CASSSRSAYEQYF	CASSTRSAYEQYF
CAENAGNMLTF	CAYNAGNMLTF
CAAGGSQGNLIF	CSAGGSQGNLIF
CAASDYGSSGNKLIF	CAASFYGSSGNKLIF
CASSARSGELFF	CASSARTGELFF
CASSPTTGTGHYGYTF	CASSPVTGTGHYGYTF
CASSPDRRSNQPQYF	CASSSDRRSNQPQYF
CAARFYGSSGNKLIF	CAASFYGSSGNKLIF
CAVSGNYAQGLTF	CAVSNNYAQGLTF
CASSEAGNSNQPQYF	CASSEQGNSNQPQYF
CAASNYGSSGNKFIF	CAASNYGSSGNKLIF
CASSKRSTDTQYF	CASSTRSTDTQYF
CASSIGQAYEQYF	CASSTGQAYEQYF
CAGPEKTSYDKVIF	CAGPRKTSYDKVIF
CANSLGTSSYEQYF	CASSLGTSSYEQYF
CASSLGQGEQYF	CASSLGQLEQYF
CASSADSAETLYF	CASSSDSAETLYF
CASSRDSAETLYF	CASSWDSAETLYF
CAFYSGGGADGLTF	CATYSGGGADGLTF
CASSIGSYGYTF	CASSIGYYGYTF
CASSYEGTEAFF	CASSYQGTEAFF
CASSFTWTSGGATDTQYF	CASSFTWTSGGTTDTQYF
CASSPARNTEAFF	CASSPQRNTEAFF
CAGAYGGSQGNLIF	CAGNYGGSQGNLIF
CAGGGSQGNLIF	CAGPGSQGNLIF
CAGAPGSSNTGKLIF	CAGASGSSNTGKLIF
CASSLEETQYF	CASSPEETQYF
CASSASGNSNQPQYF	CASSESGNSNQPQYF
CSVGAGEGYEQYF	CSVGFGEGYEQYF
CASSLSRQSNQPQYF	CASSLSRSSNQPQYF
CASSPNRNTEAFF	CASSPYRNTEAFF
CSARDGTGNGYTF	CSARGGTGNGYTF
CAGGGSQGNLIF	CAVGGSQGNLIF
CASSGQGYGYTF	CASSGQLYGYTF
CASSASTGEAYGYTF	CASSVSTGEAYGYTF
CASSQGRGSNQPQYF	CASSQGRQSNQPQYF
CALGGGSNYQLIW	CALGLGSNYQLIW
CASSHDSAETLYF	CASSQDSAETLYF
CASSLGDYAEQFF	CASSPGDYAEQFF
CAVSPNSGGGNAKLTF	CAVSPNSGGSNAKLTF
CASSARTGELFF	CASSVRTGELFF
CASSLSGDSDYTF	CASSLSGNSDYTF
CASSLGGEQYF	CASSSGGEQYF
CSARSGVGNTIYF	CSARVGVGNTIYF
CASSLDRAEVFF	CASSLDRGEVFF
CASSLGGDTYEQYF	CASSLGGQTYEQYF
CASSFQTGASYGYTF	CASSYQTGASYGYTF
CASSLSSATGELFF	CASSLTSATGELFF
CLVGDGAGYSTLTF	CLVGDGSGYSTLTF
CAASDTNTGKLTF	CAASGTNTGKLTF
CASKGGANTGQLYF	CASKGGGNTGQLYF
CASSEARRITDPQYF	CASSEARRQTDPQYF
CASSPGTAPNEKLFF	CASSSGTAPNEKLFF
CASSIGNEQYF	CASSIGSEQYF
CASSLGGGLQETQYF	CASSLGGGNQETQYF
CASREGLGGTEAFF	CASREGQGGTEAFF
CASSFRDSAETLYF	CASSGRDSAETLYF
CASTGGGYGYTF	CASTGGSYGYTF
CASSLARGSNQPQYF	CASSLNRGSNQPQYF
CAVSFNYAQGLTF	CAVSRNYAQGLTF
CASSSGGGEQYF	CASSYGGGEQYF
CASSLDRISNQPQYF	CASSLDRRSNQPQYF
CASSLSRISNQPQYF	CASSLSRMSNQPQYF
CASSSAHYGYTF	CASSSANYGYTF
CASGGDSAETLYF	CASGGESAETLYF
CASSQSPGGFQYF	CASSQSPGGIQYF
CASSDDSAETLYF	CASSRDSAETLYF
CAMRESGGSNAKLTF	CAMRISGGSNAKLTF
CAIGTGDSNQPQHF	CAISTGDSNQPQHF
CASRPGQGSHEQFF	CASRPGQGSHEQYF
CTCSTGTGGFNYAEQFF	CTCSTGTGGYNYAEQFF
CAMRESGGSNAKLTF	CAMRSSGGSNAKLTF
CASSQEGGGDGQPQHF	CASSQEGGGGGQPQHF
CSARAGVGNTIYF	CSARVGVGNTIYF
CSVGAGGTNEKLFF	CSVGSGGTNEKLFF
CASSVRSGELFF	CASSVRTGELFF
CAAGNNYAQGLTF	CAVGNNYAQGLTF
CAASRYGSSGNKLIF	CAVSRYGSSGNKLIF
CASTASYGYTF	CASTDSYGYTF
CASSLDNYEQYF	CASSLGNYEQYF
CAGSRRTSGGADTQYF	CASSRRTSGGADTQYF
CAEDNNARLMF	CAEDSNARLMF
CASSQDSAETLYF	CASSQESAETLYF
CASSPSGQLETQYF	CASSPTGQLETQYF
CASSQSPGGEQYF	CASSQSPGGIQYF
CSARSEVGNTIYF	CSARSGVGNTIYF
CASSQGRGSNQPQYF	CASSQGRISNQPQYF
CASSEQSGANVLTF	CASSEVSGANVLTF
CASSVDKGGADEQFF	CASSVDKGGVDEQFF
CASSIGQAYEQYF	CASSLGQAYEQYF
CASSLSRGSNQPQYF	CASSLSRMSNQPQYF
CASSPGTESNQPQHF	CASSTGTESNQPQHF
CSARRGGDTQYF	CSARVGGDTQYF
CASSMDSAETLYF	CASSPDSAETLYF
CAISELASGTDTQYF	CARSELASGTDTQYF
CASRDYEQYF	CATRDYEQYF
CAVSDNYAQGLTF	CAVSFNYAQGLTF
CASSLSRMSNQPQYF	CASSLSRNSNQPQYF
CAASDDNRIFF	CAASRDNRIFF
CASKGGANTGQLYF	CASKGGSNTGQLYF
CASSIDRVSNQPQYF	CASSQDRVSNQPQYF
CASSLDRGEQFF	CASSLDRGEVFF
CILSGGSNYKLTF	CILSRGSNYKLTF
CASNQETQYF	CASSQETQYF
CACGGTDSAETLYF	CASGGTDSAETLYF
CASSSRSAYEQYF	CASSSRSSYEQYF
CASSSGGGEQYF	CASSWGGGEQYF
CASSEALRAADDYTF	CASSEALRQADDYTF
CASSLDSAETLYF	CASSQDSAETLYF
CASSSDRRSNQPQYF	CASSSDRSSNQPQYF
CASSDDSAETLYF	CASSQDSAETLYF
CASSLDSAETLYF	CASSTDSAETLYF
CASSPQRNTEAFF	CASSPTRNTEAFF
CASSIRSTDTQYF	CASSMRSTDTQYF
CASSGGAEQFF	CASSGGAEVFF
CSARDRTGNGYTF	CSARDSTGNGYTF
CASSSRSSYEQYF	CASSVRSSYEQYF
CASSSAHYGYTF	CASSSAYYGYTF
CAVDGSQGNLIF	CAVQGSQGNLIF
CASSFNRNSNQPQYF	CASSQNRNSNQPQYF
CASSEGGEQYF	CASSTGGEQYF
CASSLSGQLDEQFF	CASSPSGQLDEQFF
CASSLGRNSNQPQYF	CASSPGRNSNQPQYF
CASSFGGNSNQPQYF	CASSFQGNSNQPQYF
CASTQGSTDTQYF	CASTRGSTDTQYF
CASSPDRGEVFF	CASSWDRGEVFF
CAVDGSQGNLIF	CAVSGSQGNLIF
CALGAGSNYQLIW	CALGEGSNYQLIW
CSGREDSTNEKLFF	CSVREDSTNEKLFF
CASSQDWGGDTLYF	CASSQDWGGDTQYF
CASSFGREQYF	CASSQGREQYF
CASSLESAETLYF	CASSWESAETLYF
CAASDYGSSGNKLIF	CAASTYGSSGNKLIF
CAMRISGGSNAKLTF	CAMRSSGGSNAKLTF
CAVSNNYAQGLTF	CAVSSNYAQGLTF
CIVHTNSGGSNYKLTF	CIVKTNSGGSNYKLTF
CASSLGTGDYAEQFF	CASSPGTGDYAEQFF
CASSGRDSAETLYF	CASSGTDSAETLYF
CASSPDSAETLYF	CASSTDSAETLYF
CASSPARNTEAFF	CASSPSRNTEAFF
CASSPDSAETLYF	CASSQDSAETLYF
CASSPNRNTEAFF	CASSPQRNTEAFF
CASSEQGNSNQPQYF	CASSEQQNSNQPQYF
CASSPNRNTEAFF	CASSPSRNTEAFF
CAAGGSQGNLIF	CAARGSQGNLIF
CASSESGNSNQPQYF	CASSETGNSNQPQYF
CASSIDRGSQNTQYF	CASSQDRGSQNTQYF
CAVGGSQGNLIF	CAVQGSQGNLIF
CASRTGTSNTGELFF	CASSTGTSNTGELFF
CASSGGSYGYTF	CASTGGSYGYTF
CASSFDSYEQYF	CASSLDSYEQYF
CASSADSAETLYF	CASSGDSAETLYF
CASSPHRNTEAFF	CASSPNRNTEAFF
CAMRESGGSNAKLTF	CAMRGSGGSNAKLTF
CASSEQGNSNQPQYF	CASSQQGNSNQPQYF
CASSGDRNQPQHF	CASSGGRNQPQHF
CASSLSRISNQPQYF	CASSLSRQSNQPQYF
CILMEGATGGNNKLTF	CILREGATGGNNKLTF
CASSTRSAYEQYF	CASSTRSSYEQYF
CASSLDRGSNQPQYF	CASSLDRISNQPQYF
CASSIGDEQYF	CASSIGSEQYF
CASSFTLGTGGVEQYF	CASSITLGTGGVEQYF
CAVSNNYAQGLTF	CAVSTNYAQGLTF
CASRPQGRDNEQFF	CASRRQGRDNEQFF
CASSPRRYNEQFF	CASSPRRYNLQFF
CAVSHNYAQGLTF	CAVSRNYAQGLTF
CASSEQGNSNQPQYF	CASSEVGNSNQPQYF
CASSEAGNSNQPQYF	CASSEVGNSNQPQYF
CASSTGQAYEQYF	CASSVGQAYEQYF
CAVSFNYAQGLTF	CAVSTNYAQGLTF
CAASRYGSSGNKLIF	CAASSYGSSGNKLIF
CASSAGQGVTYEQYF	CASSVGQGVTYEQYF
CASSADSAETLYF	CASSTDSAETLYF
CASSHRTGELFF	CASSYRTGELFF
CAMRANSGTYQKF	CAMRANSGTYQRF
CASSLGGYEQYF	CASSLIGYEQYF
CASSSGATGANVLTF	CASSSIATGANVLTF
CASSQDRVSNQPQYF	CASSRDRVSNQPQYF
CASSENGNSNQPQYF	CASSENSNSNQPQYF
CALRENYNQGKLIF	CALSENYNQGKLIF
CASSLGGGVFF	CASSSGGGVFF
CASSGGTGGFNYAEQFF	CASSGGTGGYNYAEQFF
CASSHRTGELFF	CASSVRTGELFF
CASSLDSAETLYF	CASSLESAETLYF
CASSPDRRSNQPQYF	CASSPDRRTNQPQYF
CASSESGNSNQPQYF	CASSLSGNSNQPQYF
CAASFYGSSGNKLIF	CAASRYGSSGNKLIF
CASSFGTEVFF	CASSSGTEVFF
CASSSASYGYTF	CASSSAYYGYTF
CAASKYGSSGNKLIF	CAASQYGSSGNKLIF
CASSRRTSGGTDTQYF	CASSSRTSGGTDTQYF
CASSETGNSNQPQYF	CASSQTGNSNQPQYF
CASSEARRGTDPQYF	CASSEARRQTDPQYF
CASSPHRNTEAFF	CASSPYRNTEAFF
CASSLGNTEAFF	CASSLGPTEAFF
CAVSGNYAQGLTF	CAVSLNYAQGLTF
CAASFYGSSGNKLIF	CAASKYGSSGNKLIF
CASSGQGNSNQPQYF	CASSQQGNSNQPQYF
CASSLQNSDYTF	CASSRQNSDYTF
CASSLSRGSNQPQYF	CASSLSRTSNQPQYF
CASSLDRGEQYF	CASSPDRGEQYF
CSVLKVGTSGFNEQFF	CSVPKVGTSGFNEQFF
CSVGAGGTNEKLFF	CSVGQGGTNEKLFF
CSVGAAGTNEKLFF	CSVGADGTNEKLFF
CAVSSNYAQGLTF	CAVSYNYAQGLTF
CASSEGQVSPGELFF	CASSEGRVSPGELFF
CASSGLGGSAETLYF	CASSGLGSSAETLYF
CAVSGDYQLIW	CAVSGNYQLIW
CAVSANYAQGLTF	CAVSTNYAQGLTF
CASSLDRTSNQPQYF	CASSLERTSNQPQYF
CASSPLTGTGHYGYTF	CASSPLTGTGVYGYTF
CATDTGNYKYVF	CAVDTGNYKYVF
CASSDSGTDTQYF	CASSLSGTDTQYF
CASNFRGDYAEQFF	CASSFRGDYAEQFF
CASRPPGGVNEQFF	CASRQPGGVNEQFF
CASSELASGTDTQYF	CASSRLASGTDTQYF
CASSLNRGSNQPQYF	CASSLNRNSNQPQYF
CASSIRSGYEQYF	CASSIRSSYEQYF
CASSYEGTEAFF	CASSYGGTEAFF
CASGGESAETLYF	CASSGESAETLYF
CASSGDSAETLYF	CASSMDSAETLYF
CASSLESAETLYF	CASSTESAETLYF
CASSLSRQSNQPQYF	CASSLSRTSNQPQYF
CAVGGSQGNLIF	CAVPGSQGNLIF
CASSGDSAETLYF	CASSPDSAETLYF
CASSSTGGGGAEAFF	CASSSTGGGGTEAFF
CALSSYGSSGNKLIF	CAVSSYGSSGNKLIF
CASSQGTSDYEQYF	CASSRGTSDYEQYF
CASSFGGEVFF	CASSLGGEVFF
CASSSTNGYTF	CASSSTTGYTF
CASSLGRASNQPQYF	CASSLGRMSNQPQYF
CAAATGNTGKLIF	CAALTGNTGKLIF
CASSLGGGYTF	CASSLGYGYTF
CAVSLNYAQGLTF	CAVSNNYAQGLTF
CASSHDSAETLYF	CASSWDSAETLYF
CAGGGNYKPTF	CASGGNYKPTF
CASSIGSYGYTF	CASSIGVYGYTF
CASSAGTSEVFF	CASSAGTTEVFF
CASSQSPGGIQYF	CASSQSPGGTQYF
CAVGGSQGNLIF	CAVSGSQGNLIF
CASSLGDEQYF	CASSWGDEQYF
CASSIGQAYEQYF	CASSSGQAYEQYF
CASSDPGPKGQNTQYF	CASSDPGSKGQNTQYF
CASSPARNTEAFF	CASSPYRNTEAFF
CASSMLDGGRDEQFF	CASSMLGGGRDEQFF
CASSQGRLSNQPQYF	CASSQGRQSNQPQYF
CAVSANYAQGLTF	CAVSGNYAQGLTF
CASSSASYGYTF	CASSSATYGYTF
CASSIDRRSNQPQYF	CASSSDRRSNQPQYF
CASSLDNYEQYF	CASSYDNYEQYF
CAVSGNYAQGLTF	CAVSRNYAQGLTF
CASSLGGQTYEQYF	CASSLGTQTYEQYF
CAVSLNYAQGLTF	CAVSSNYAQGLTF
CAVSHNYAQGLTF	CAVSSNYAQGLTF
CALIMNYNQGKLIF	CALIPNYNQGKLIF
CAGAIGSSNTGKLIF	CAGAPGSSNTGKLIF
CASSIGDEQYF	CASSIGNEQYF
CASTGGLGYTF	CASTGGSGYTF
CASRMQGRDNEQFF	CASRRQGRDNEQFF
CASRGGANTGQLYF	CASRGGARTGQLYF
CASSFRDSAETLYF	CASSPRDSAETLYF
CARNTGNQFYF	CASNTGNQFYF
CASSGQDYGYTF	CASSGQNYGYTF
CASSEGGEQYF	CASSSGGEQYF
CASSLFRGSNQPQYF	CASSLSRGSNQPQYF
CAASNYGSSGNKLIF	CAASTYGSSGNKLIF
CAMRNSGGSNAKLTF	CAMRSSGGSNAKLTF
CASSGGGNTGQLYF	CASSGGGRTGQLYF
CSARDKTGNGYTF	CSARDSTGNGYTF
CAGADGSSNTGKLIF	CAGAIGSSNTGKLIF
CAVSLNYAQGLTF	CAVSRNYAQGLTF
CASSAPTGELFF	CASSARTGELFF
CASSQGRISNQPQYF	CASSQGRLSNQPQYF
CASSIDRRSNQPQYF	CASSLDRRSNQPQYF
CASSATYGYTF	CASSMTYGYTF
CASSLNRGSNQPQYF	CASSLNRLSNQPQYF
CASSLNRLGNQPQYF	CASSLNRLSNQPQYF
CASSIDRVSNQPQYF	CASSSDRVSNQPQYF
CASSMGAEQFF	CASSTGAEQFF
CASSLSRGSNQPQYF	CASSSSRGSNQPQYF
CASSLTGDYAEQFF	CASSRTGDYAEQFF
CASSKGDYAEQFF	CASSLGDYAEQFF
CALSEGTGGYKVVF	CAMSEGTGGYKVVF
CASSLDRGSNQPQYF	CASSLDRTSNQPQYF
CASSPRTSGPYEQYF	CASSPRTSGTYEQYF
CASSGQGNSNQPQYF	CASWGQGNSNQPQYF
CASSLDRVSNQPQYF	CASSLSRVSNQPQYF
CAGAIGSSNTGKLIF	CAGASGSSNTGKLIF
CASSEALRGTDPQYF	CASSEARRGTDPQYF
CASSGESAETLYF	CASSGNSAETLYF
CAISESSAGNQPQHF	CAISESSSGNQPQHF
CASSHDRRSNQPQYF	CASSIDRRSNQPQYF
CSARDRTGNTIYF	CSARDRVGNTIYF
CAASKYGSSGNKLIF	CAASTYGSSGNKLIF
CASSPSRNTEAFF	CASSPTRNTEAFF
CSARAGVGNTIYF	CSARSGVGNTIYF
CASSEGGEQYF	CASTEGGEQYF
CASSLTAPDTDAFF	CASSLTAPDTEAFF
CASSGESAETLYF	CASSWESAETLYF
CAASAGNTGKLIF	CAASTGNTGKLIF
CAVSDNYAQGLTF	CAVSLNYAQGLTF
CASSMDSAETLYF	CASSTDSAETLYF
CASSIGDEQYF	CASSLGDEQYF
CASSQTGNSNQPQYF	CASSRTGNSNQPQYF
CALSDYGSSGNKLIF	CALSSYGSSGNKLIF
CASSEQGNSNQPQYF	CASSGQGNSNQPQYF
CASSEGRVLPGELFF	CASSEGRVSPGELFF
CASSPDRGSNQPQYF	CASSPDRRSNQPQYF
CASSLDRVSNQPQYF	CASSLNRVSNQPQYF
CASSLARDEQYF	CASSLARDTQYF
CASSIGSYGYTF	CASSMGSYGYTF
CASSPGTGSYEQYF	CASSPGWGSYEQYF
CASSKTGNSNQPQYF	CASSQTGNSNQPQYF
CASSLDNYEQYF	CASSLDSYEQYF
CAVSLNYAQGLTF	CAVTLNYAQGLTF
CTCSGGTGGFNYAEQFF	CTCSGGTGGYNYAEQFF
CSVEDGYEQYF	CSVRDGYEQYF
CASSGSYGYTF	CASSGTYGYTF
CASSLPGDYAEQFF	CASSLRGDYAEQFF
CASSIRSSYEQYF	CASSSRSSYEQYF
CASSLDRVSNQPQYF	CASSPDRVSNQPQYF
CASSAGQGWKEQYF	CASSAGQGWKGQYF
CSVRDGYEQYF	CSVRQGYEQYF
CASSDWGHQDTQYF	CASSDWGVQDTQYF
CASSFNSAETLYF	CASSGNSAETLYF
CAAAQGGSAKLIF	CAASQGGSAKLIF
CATDMDSNYQLIW	CATDRDSNYQLIW
CASSGGGNTGQLYF	CASSGGSNTGQLYF
CAAHDSGYNKLTF	CATHDSGYNKLTF
CAYFGGGADGLTF	CAYPGGGADGLTF
CASSRRTSGGADTQYF	CASSRRTSGGSDTQYF
CASSRLGASAETLYF	CASSRLGVSAETLYF
CASSLDSAETLYF	CASSWDSAETLYF
CASSESGTGDYEQYF	CASSESQTGDYEQYF
CAVSDNYAQGLTF	CAVSRNYAQGLTF
CASSLIGVSSYNEQFF	CASSLRGVSSYNEQFF
CASSEPDSAETLYF	CASSPPDSAETLYF
CAMRGNSGTYQRF	CAMRQNSGTYQRF
CASSKQTGTGNYGYTF	CASSYQTGTGNYGYTF
CAVSVNYAQGLTF	CAVSYNYAQGLTF
CASSIDRVSNQPQYF	CASSPDRVSNQPQYF
CASGGLDSAETLYF	CASSGLDSAETLYF
CASKISRTSNQPQYF	CASSISRTSNQPQYF
CASSHRTGELFF	CASSSRTGELFF
CALSDGTGGYKVVF	CALSGGTGGYKVVF
CASSLFRANTGQLYF	CASSLYRANTGQLYF
CAVSFNYAQGLTF	CAVSVNYAQGLTF
CASSLSRSSNQPQYF	CASSLSRVSNQPQYF
CAGADGSSNTGKLIF	CAGAPGSSNTGKLIF
CASNAGTGTDTQYF	CASNPGTGTDTQYF
CAMRISGGSNAKLTF	CAMRNSGGSNAKLTF
CASSFEETQYF	CASSLEETQYF
CAVSHNYAQGLTF	CAVSLNYAQGLTF
CASSDTGNSNQPQYF	CASSKTGNSNQPQYF
CASSFQGNSNQPQYF	CASSGQGNSNQPQYF
CASNRTGLPGNEQFF	CASSRTGLPGNEQFF
CASGDRQNSPLHF	CASSDRQNSPLHF
CASSEEGDTQYF	CASSEKGDTQYF
CASTPGTGPNEKLFF	CASTSGTGPNEKLFF
CASSQDPAGVGTDTQYF	CASSQDPAGWGTDTQYF
CATDGTQVVGQLTF	CATPGTQVVGQLTF
CASSTGFYGYTF	CASSTGLYGYTF
CASSGGQGNIQYF	CASSGGSGNIQYF
CAGAGSQGNLIF	CALAGSQGNLIF
CASGEDSAETLYF	CASGGDSAETLYF
CSARDKTGNGYTF	CSARDRTGNGYTF
CASSEGRISPGELFF	CASSEGRVSPGELFF
CSARDLQGAYNSPLHF	CSARDLQGSYNSPLHF
CAAATGNTGKLIF	CAGATGNTGKLIF
CASSALAGGTDTQYF	CASSRLAGGTDTQYF
CAVSHNYAQGLTF	CAVSTNYAQGLTF
CSARDATGNGYTF	CSARDKTGNGYTF
CSARLRELSGNTIYF	CSARLRKLSGNTIYF
CASGGSQGNLIF	CAVGGSQGNLIF
CASSLIGQGLGDEQFF	CASSSIGQGLGDEQFF
CASSFQDSAETLYF	CASSFRDSAETLYF
CASSFRSTDTQYF	CASSVRSTDTQYF
CASSDHRGTEVFF	CASSDHRTTEVFF
CASSQDRPSNQPQYF	CASSQDRVSNQPQYF
CASSGLGTSAETLYF	CASSRLGTSAETLYF
CAGPRETSYDKVIF	CAGPRQTSYDKVIF
CASSGRSTDTQYF	CASSMRSTDTQYF
CAAGGSQGNLIF	CAGGGSQGNLIF
CASSEQQNSNQPQYF	CASSEQRNSNQPQYF
CAASNYGSSGNKLIF	CAASSYGSSGNKLIF
CASSLSRISNQPQYF	CASSLSRSSNQPQYF
CASSLARGSNQPQYF	CASSLRRGSNQPQYF
CASRGTTSAETLYF	CASRPTTSAETLYF
CAVLNNYAQGLTF	CAVSNNYAQGLTF
CASSIHSTDTQYF	CASSIRSTDTQYF
CATGDQGGRALIF	CATPDQGGRALIF
CAMRGNSGTYQRF	CAMRWNSGTYQRF
CASSIVQGPYNEQFF	CASSIVSGPYNEQFF
CASRPGTASYEQYF	CASRPGTSSYEQYF
CASSLNRLSNQPQYF	CASSPNRLSNQPQYF
CAASQYGSSGNKLIF	CAASSYGSSGNKLIF
CASSFDAEQFF	CASSPDAEQFF
CASSEAGNSNQPQYF	CASSESGNSNQPQYF
CASSGLGTSAETLYF	CASSPLGTSAETLYF
CASSLRRGSNQPQYF	CASSPRRGSNQPQYF
CASNYPRGGEGSPLHF	CASSYPRGGEGSPLHF
CASSGDSAETLYF	CASSGNSAETLYF
CASSGSSAETLYF	CASSYSSAETLYF
CSARIGVGNTIYF	CSARVGVGNTIYF
CASSLPGDYAEQFF	CASSLTGDYAEQFF
CASSLGGEQYF	CASSTGGEQYF
CASSANRVSNQPQYF	CASSVNRVSNQPQYF
CAGGTGNQFYF	CAGHTGNQFYF
CASSARTSGGTDTQYF	CASSSRTSGGTDTQYF
CASSLFRGSNQPQYF	CASSLRRGSNQPQYF
CASSSSRGSNQPQYF	CASSSSRQSNQPQYF
CVVEDFGGSNAKLTF	CVVEDSGGSNAKLTF
CASSIRASYEQYF	CASSIRSSYEQYF
CAMSDGTGGYKVVF	CAMSEGTGGYKVVF
CAVSENYAQGLTF	CAVSGNYAQGLTF
CATGTQVVGQLTF	CATPTQVVGQLTF
CASSPDRRSNQPQYF	CASSPDRVSNQPQYF
CASSLDRTSNQPQYF	CASSLSRTSNQPQYF
CASSYQTGTGTYGYTF	CASSYQTGTGVYGYTF
CASSLARGSNQPQYF	CASSLFRGSNQPQYF
CASSIRSTDTQYF	CASSVRSTDTQYF
CASSGGDSAETLYF	CASSGLDSAETLYF
CASSLDRISNQPQYF	CASSLDRTSNQPQYF
CASSDDSAETLYF	CASSPDSAETLYF
CASSLDGQDYEQYF	CASSLEGQDYEQYF
CAGSQDRLTGGYTF	CASSQDRLTGGYTF
CAVSNNYAQGLTF	CAVSVNYAQGLTF
CAVNHNYAQGLTF	CAVTHNYAQGLTF
CASSLAGYEQYF	CASSLIGYEQYF
CALGDGTGGYKVVF	CALSDGTGGYKVVF
CASSARTGELFF	CASSSRTGELFF
CALSGSGDSWGKLQF	CALSGSTDSWGKLQF
CAVSNNYAQGLTF	CAVSRNYAQGLTF
CASSRLGTSAETLYF	CASSTLGTSAETLYF
CASSLDSAETLYF	CASSLGSAETLYF
CASSRLGSSAETLYF	CASSRLGVSAETLYF
CASSQDRATQETQYF	CASSQYRATQETQYF
CASSYGGTEAFF	CASSYQGTEAFF
CAVSDNYAQGLTF	CAVSGNYAQGLTF
CASSQRTGELFF	CASSSRTGELFF
CASSLEGDTEAFF	CASSLEGYTEAFF
CASSLGTGAPYEQYF	CASSLSTGAPYEQYF
CSARDQTGNGYTF	CSARDSTGNGYTF
CASSGGDSAETLYF	CASSGRDSAETLYF
CALGDRGTGNYKYVF	CALGDRVTGNYKYVF
CASNELASGTDTQYF	CASSELASGTDTQYF
CAASDYGSSGNKLIF	CAASSYGSSGNKLIF
CASGGESAETLYF	CASGGSSAETLYF
CASSLDRGSNQPQYF	CASSPDRGSNQPQYF
CAASGGSNAKLTF	CAATGGSNAKLTF
CASDNNARLMF	CASGNNARLMF
CASSALAARTDTQYF	CASSVLAARTDTQYF
CSVGSAGTNEKLFF	CSVGSEGTNEKLFF
CAPGGDGGSQGNLIF	CAVGGDGGSQGNLIF
CASSANRVSNQPQYF	CASSLNRVSNQPQYF
CASSLGGEQYF	CASSMGGEQYF
CAAGGNYKPTF	CAGGGNYKPTF
CALSHYGSSGNKLIF	CALVHYGSSGNKLIF
CASSPLGTSAETLYF	CASSTLGTSAETLYF
CASSIFGEQFF	CASSIVGEQFF
CASSQDLGGRYEQYF	CASSQDLGGVYEQYF
CALGSGGNYKPTF	CALVSGGNYKPTF
CASSLGAPEAFF	CASSLGVPEAFF
CASSKTGNSNQPQYF	CASSRTGNSNQPQYF
CASSDRSSQPQHF	CASSGRSSQPQHF
CASSLSRQNNQPQYF	CASSLSRQTNQPQYF
CASSQEKGTEAFF	CASSQESGTEAFF
CASSLSRMSNQPQYF	CASSLSRVSNQPQYF
CASSGRSADTQYF	CASSGRSTDTQYF
CTCSSGTGGYNYAEQFF	CTCSTGTGGYNYAEQFF
CASSRRTSGGSDTQYF	CASSRRTSGGTDTQYF
CASSLGQGHYNEQFF	CASSPGQGHYNEQFF
CASRRLAGASYNEQFF	CATRRLAGASYNEQFF
CASSSGTAPNEKLFF	CASSSGTGPNEKLFF
CASGAGTGYAEQFF	CASGGGTGYAEQFF
CASSHSRGSGNTIYF	CASSQSRGSGNTIYF
CASSLRGDYAEQFF	CASSYRGDYAEQFF
CAHDNNARLMF	CASDNNARLMF
CASSEARISNQPQYF	CASSPARISNQPQYF
CASGGTDSAETLYF	CASSGTDSAETLYF
CASSLSGQLDEQFF	CASSSSGQLDEQFF
CASSLDRGEVFF	CASSPDRGEVFF
CASSFQGYTEAFF	CASSVQGYTEAFF
CASSRRTSGGADTQYF	CASSRRTSGGTDTQYF
CAVSENYAQGLTF	CAVSYNYAQGLTF
CASSIDRVSNQPQYF	CASSLDRVSNQPQYF
CAGPDGSSNTGKLIF	CAGPGGSSNTGKLIF
CAGSSGSWQLIF	CAPSSGSWQLIF
CASSKDSAETLYF	CASSTDSAETLYF
CASSTGLYGYTF	CASSTGNYGYTF
CAVSSNYAQGLTF	CAVSTNYAQGLTF
CASSADSAETLYF	CASSQDSAETLYF
CASSLDSAETLYF	CASSSDSAETLYF
CASSGTASFDEQFF	CASSGTTSFDEQFF
CASSEQGNSNQPQYF	CASSETGNSNQPQYF
CASSIVGHLNTEAFF	CASSIVGHMNTEAFF
CAVAASGGSYIPTF	CAVQASGGSYIPTF
CASSEQGNSNQPQYF	CASSEQRNSNQPQYF
CASSADSAETLYF	CASSDDSAETLYF
CASSLGGEQYF	CASSLYGEQYF
CASSGGNEQYF	CASSIGNEQYF
CAVSANYAQGLTF	CAVSASYAQGLTF
CASSEARRGTDPQYF	CASSEARRITDPQYF
CASSEGITEVFF	CASSEGVTEVFF
CASSADSAETLYF	CASSLDSAETLYF
CASSPHRNTEAFF	CASSPSRNTEAFF
CASSLARGSNQPQYF	CASSLSRGSNQPQYF
CASSLLGSNQPQHF	CASSLQGSNQPQHF
CASSHDSAETLYF	CASSRDSAETLYF
CASSDDSAETLYF	CASSWDSAETLYF
CASSDTGNSNQPQYF	CASSETGNSNQPQYF
CASSTGDEQYF	CASSWGDEQYF
CASSGDSAETLYF	CASSKDSAETLYF
CASSSRSSGEQYF	CASSSRSSYEQYF
CASSSHDRQGQNSPLHF	CASSSHERQGQNSPLHF
CASSLQQTLGAFF	CASSPQQTLGAFF
CASSGDSAETLYF	CASSRDSAETLYF
CASSKDSAETLYF	CASSSDSAETLYF
CSARGQGDEQYF	CSARGQGNEQYF
CAADTGNYKYVF	CATDTGNYKYVF
CASSQDSAETLYF	CASSWDSAETLYF
CAASGSNTGKLTF	CAASGTNTGKLTF
CASSGLGSSAETLYF	CASSRLGSSAETLYF
CASRTGISNTGELFF	CASRTGTSNTGELFF
CASSEARISNQPQYF	CASSGARISNQPQYF
CASSGGANTGQLYF	CASSGGGNTGQLYF
CASSLGSYEQYF	CASSQGSYEQYF
CAALTGNTGKLIF	CAASTGNTGKLIF
CASSQDRQSNQPQYF	CASSQGRQSNQPQYF
CASSIRSGYEQFF	CASSIRSGYEQYF
CAVSFNYAQGLTF	CAVSYNYAQGLTF
CASIPDRNTEAFF	CASIPDRVTEAFF
CASSLGRNSNQPQYF	CASSLSRNSNQPQYF
CAVSFNYAQGLTF	CAVSLNYAQGLTF
CASSATYGYTF	CASSGTYGYTF
CAASFYGSSGNKLIF	CAASSYGSSGNKLIF
CASRGDSAETLYF	CASSGDSAETLYF
CASSHDSAETLYF	CASSKDSAETLYF
CASSLARGSNQPQYF	CASSLVRGSNQPQYF
CALSDGTGGYKVVF	CALSEGTGGYKVVF
CSARDATGNGYTF	CSARDGTGNGYTF
CASSSVNEQFF	CASSVVNEQFF
CASSGSYGYTF	CASTGSYGYTF
CAIGTGDSNQPQHF	CASGTGDSNQPQHF
CAGNYGGSQGNLIF	CAGSYGGSQGNLIF
CASSLRQGIDTGELFF	CASSLRQGINTGELFF
CASSSDRRSNQPQYF	CASSSDRVSNQPQYF
CAVSANYAQGLTF	CAVSHNYAQGLTF
CASKGGSNTGQLYF	CASSGGSNTGQLYF
CASSPDRGSNQPQYF	CASSPSRGSNQPQYF
CASSSWDTGELFF	CASSWWDTGELFF
CASSQSRGSGNTIYF	CASSYSRGSGNTIYF
CASSAASGTDTQYF	CASSVASGTDTQYF
CILREGATGGNNKLTF	CILRVGATGGNNKLTF
CAGPEKTSYDKVIF	CAGPMKTSYDKVIF
CASSPSHGPNEKLFF	CASSPSSGPNEKLFF
CASSGNTGELFF	CASSGYTGELFF
CASSLDRGEQYF	CASSLDVGEQYF
CSVGQGGTNEKLFF	CSVGTGGTNEKLFF
CASSLDRGSNQPQYF	CASSLSRGSNQPQYF
CASSARQGIDTGELFF	CASSLRQGIDTGELFF
CASSQRTGELFF	CASSVRTGELFF
CSVGAAGTNEKLFF	CSVGSAGTNEKLFF
CAHNTGNQFYF	CASNTGNQFYF
CASSIGDEQYF	CASSWGDEQYF
CASSARSGELFF	CASSVRSGELFF
CASSGGSYGYTF	CASSGTSYGYTF
CASSFDSEAFF	CATSFDSEAFF
CASSGGSAETLYF	CASSGNSAETLYF
CARNTGNQFYF	CATNTGNQFYF
CAVSDNYQLIW	CAVSSNYQLIW
CSARAGVGNTIYF	CSARIGVGNTIYF
CAASPNNNNAPRF	CAAVPNNNNAPRF
CIEHTNSGGSNYKLTF	CIVHTNSGGSNYKLTF
CAASSYGSSGNKLIF	CALSSYGSSGNKLIF
CAEDDNARLMF	CAEDFNARLMF
CASSPGQGYEQYF	CASSPGQTYEQYF
CASSVDKGGADEQFF	CASSVDKGGTDEQFF
CAMREDAGGTSYGKLTF	CAMREDPGGTSYGKLTF
CASSEGQVSPGELFF	CASSTGQVSPGELFF
CASSPGTGGYNYAEQFF	CASSPRTGGYNYAEQFF
CADYYGQNFVF	CAVYYGQNFVF
CASRPSGQLDEQFF	CASSPSGQLDEQFF
CASRRDSAETLYF	CASSRDSAETLYF
CASSHDSAETLYF	CASSMDSAETLYF
CASSQRTGELFF	CASSQSTGELFF
CASSQESAETLYF	CASSTESAETLYF
CASSSVNEAFF	CASSSVSEAFF
CASSIRSTGELFF	CASSVRSTGELFF
CILNGGSNYKLTF	CILSGGSNYKLTF
CAVSGNYQLIW	CAVSSNYQLIW
CASSLLGDYAEQFF	CASSLPGDYAEQFF
CSARLGVGNTIYF	CSARVGVGNTIYF
CASSLDRGSNQPQYF	CASSLRRGSNQPQYF
CSARTGVGNTIYF	CSARVGVGNTIYF
CSVGTGGTNEKLFF	CSVGTQGTNEKLFF
CASSQDSAETLYF	CASSRDSAETLYF
CASSHTGNSNQPQYF	CASSRTGNSNQPQYF
CASSLSRGGNQPQYF	CASSLSRGSNQPQYF
CASSIRAGETQYF	CASSVRAGETQYF
CASSLLGQDNSPLHF	CASSLLGQYNSPLHF
CASSPGVGTEVFF	CASSSGVGTEVFF
CASSYPRGGEGSPLHF	CASSYPWGGEGSPLHF
CASSQDRQSNQPQYF	CASSQDRVSNQPQYF
CASSWGGGSHYGYTF	CASSWGGGSNYGYTF
CASSIVSGPYNEQFF	CASSIVTGPYNEQFF
CAMRESGGSNAKLTF	CAMRVSGGSNAKLTF
CASSFRFTDTQYF	CASSFRSTDTQYF
CASSGGAEQFF	CASSMGAEQFF
CASSGGPNTGQLYF	CASSGGSNTGQLYF
CASSGGAEQYF	CASSGGNEQYF
CASSQESAETLYF	CASSWESAETLYF
CASSIGGEVFF	CASSLGGEVFF
CASSMRSSYEQYF	CASSVRSSYEQYF
CASSFGTESNQPQHF	CASSPGTESNQPQHF
CASSLSRGSNQPQYF	CASSLSRISNQPQYF
CSARDRVGNGYTF	CSARDTVGNGYTF
CASTGSYGYTF	CATTGSYGYTF
CASSIVSNQPQHF	CASSIYSNQPQHF
CASSSVNEAFF	CASSSVNGAFF
CASRGGTINTGELFF	CASRTGTINTGELFF
CAASATNTGKLTF	CAASGTNTGKLTF
CASSLGDEQYF	CASSLTDEQYF
CASSMRSTDTQYF	CASSVRSTDTQYF
CAGAGSQGNLIF	CAGPGSQGNLIF
CASSDWGHQDTQYF	CASSDWGNQDTQYF
CASSRRNSGGTDTQYF	CASSRRTSGGTDTQYF
CASSGLGSSAETLYF	CASSPLGSSAETLYF
CALSGSNTNKVVF	CALSGTNTNKVVF
CASSLSGQLDEQYF	CASSLSGQLDTQYF
CALRMNYNQGKLIF	CALVMNYNQGKLIF
CASKGGGNTGQLYF	CASKGGSNTGQLYF
CASSEAAGGFYNEQFF	CASSEASGGFYNEQFF
CAAGGNYKPTF	CASGGNYKPTF
CASGGDSAETLYF	CASSGDSAETLYF
CATDSGSWQLIF	CATSSGSWQLIF
CASSLRQGANTGELFF	CASSLRQGINTGELFF
CAMREDPGGTSYGKLTF	CAMRGDPGGTSYGKLTF
CASSAETQYF	CASSQETQYF
CASSLDRGSNQPQYF	CASSLVRGSNQPQYF
CASSLGSYEQYF	CASSSGSYEQYF
CASSLNRNSNQPQYF	CASSLNRQSNQPQYF
CSARDRIGNGYTF	CSARDRTGNGYTF
CSVGSEGTNEKLFF	CSVGSGGTNEKLFF
CASSADSAETLYF	CASSATSAETLYF
CAASASSSFSKLVF	CAASESSSFSKLVF
CASSLGNYEQYF	CASSLGSYEQYF
CASSPGTGEGYEQYF	CASSRGTGEGYEQYF
CASSLGQGEQYF	CASSLGQIEQYF
CAGADGSSNTGKLIF	CAGAFGSSNTGKLIF
CASSGGTGGYNYAEQFF	CASSYGTGGYNYAEQFF
CASSFGGEVFF	CASSIGGEVFF
CASSLGQGSYEQYF	CASSLGQGTYEQYF
CAGPGSQGNLIF	CAVPGSQGNLIF
CASSLSRNSNQPQYF	CASSLSRSSNQPQYF
CASSLTDPYEQYF	CASSLTDSYEQYF
CASSGESAETLYF	CASSGSSAETLYF
CASSSAFYGYTF	CASSSAYYGYTF
CAATGGNNKLTF	CAGTGGNNKLTF
CASSGRSTDTQYF	CASSVRSTDTQYF
CASIRTGNSNQPQYF	CASSRTGNSNQPQYF
CAVSTNYAQGLTF	CAVSYNYAQGLTF
CASSLSRGSNQPQYF	CASSLSRVSNQPQYF
CSARSGVGNTIYF	CSARSRVGNTIYF
CASSKGDYAEQFF	CASSSGDYAEQFF
CALCGGSNYKLTF	CALVGGSNYKLTF
CASSHDSAETLYF	CASSPDSAETLYF
CALRSSNTNKVVF	CVLRSSNTNKVVF
CALGEGSNYQLIW	CALGLGSNYQLIW
CAASDYGSSGNKLIF	CAASQYGSSGNKLIF
CASNAGQGWKEQYF	CASSAGQGWKEQYF
CAVSDNYAQGLTF	CAVSSNYAQGLTF
CASSLNRGSNQPQYF	CASSLVRGSNQPQYF
CASRTGGYKVVF	CATRTGGYKVVF
CSARSEVGNTIYF	CSARSRVGNTIYF
CASSAQTGASYGYTF	CASSYQTGASYGYTF
CALIMNYNQGKLIF	CALVMNYNQGKLIF
CASSKDSAETLYF	CASSMDSAETLYF
CAVSANYAQGLTF	CAVSDNYAQGLTF
CASSLGQAYEQYF	CASSTGQAYEQYF
CAVSANYAQGLTF	CAVSVNYAQGLTF
CASSHTGNSNQPQYF	CASSKTGNSNQPQYF
CALGDGTGGYKVVF	CVLGDGTGGYKVVF
CAAGGSQGNLIF	CASGGSQGNLIF
CASPRGSTDTQYF	CASTRGSTDTQYF
CSARDGTGNGYTF	CSARDWTGNGYTF
CALAGGSNYKLTF	CALCGGSNYKLTF
CASSFGGGSNYGYTF	CASSWGGGSNYGYTF
CATPGTQVVGQLTF	CATPRTQVVGQLTF
CASSVDRTSNQPQYF	CASTVDRTSNQPQYF
CASSLGTGDTQYF	CASSLGVGDTQYF
CSAGQGEGEQYF	CSGGQGEGEQYF
CSARIGVGNTIYF	CSARLGVGNTIYF
CASSDDSAETLYF	CASSKDSAETLYF
CSVGSAGTNEKLFF	CSVGSGGTNEKLFF
CASSTGFYGYTF	CASSTGNYGYTF
CASSAGTGGYNYAEQFF	CASSPGTGGYNYAEQFF
CAVSENYNVLYF	CAVSSNYNVLYF
CASSEARQGGNTVYF	CASSEARQGRNTVYF
CAESGGYQKVTF	CAVSGGYQKVTF
CSVGQGGTNEKLFF	CSVGSGGTNEKLFF
CASSLESAETLYF	CASSQESAETLYF
CALRDRGSALGRLHF	CALRYRGSALGRLHF
CAGSSGSWQLIF	CATSSGSWQLIF
CAVRAYSNNRLTL	CAVRVYSNNRLTL
CSVGSEGTNEKLFF	CSVGSSGTNEKLFF
CAAPDTNAYKVIF	CAAPPTNAYKVIF
CASSPGTGGYNYAEQFF	CAWSPGTGGYNYAEQFF
CASSADSAETLYF	CASSMDSAETLYF
CASSPLGSSAETLYF	CASSPLGTSAETLYF
CASSMRSADTQYF	CASSMRSTDTQYF
CASSPQTGTIYGYTF	CASSYQTGTIYGYTF
CASSIARGSQNTQYF	CASSIDRGSQNTQYF
CASSFDAEQFF	CASSFDVEQFF
CASSGRSTDTQYF	CASSKRSTDTQYF
CASSDRQNTEAFF	CASSSRQNTEAFF
CASSYERGGLPKNIQYF	CASSYEWGGLPKNIQYF
CASSGDSAETLYF	CASSLDSAETLYF
CASSIGDEQYF	CASSTGDEQYF
CATDDDSARQLTF	CATDEDSARQLTF
CASSIGSEQYF	CASSWGSEQYF
CASGGTDSAETLYF	CASRGTDSAETLYF
CASSALASGTDTQYF	CASSELASGTDTQYF
CAMRAAGGSNAKLTF	CAMREAGGSNAKLTF
CAMRGGGGSNAKLTF	CAMRGSGGSNAKLTF
CASSDTGNSNQPQYF	CASSRTGNSNQPQYF
CASTKNGNSNQPQYF	CASTKQGNSNQPQYF
CASSLSRGSNQPQYF	CASTLSRGSNQPQYF
CAVSENYAQGLTF	CAVSSNYAQGLTF
CASSGGAEQFF	CASSGGAEQYF
CASSGLGSSAETLYF	CASSGLGTSAETLYF
CASSADSAETLYF	CASSRDSAETLYF
CASSLGPTEAFF	CASSLGPVEAFF
CASSPDRGEQYF	CASSWDRGEQYF
CASSGDSAETLYF	CASSGSSAETLYF
CAVGSNYQLIW	CAVSSNYQLIW
CAANQGGSAKLIF	CAASQGGSAKLIF
CASSLGNTEAFF	CASSLGYTEAFF
CASSLARGSNQPQYF	CASSLYRGSNQPQYF
CAMRNSGGSNAKLTF	CAMRVSGGSNAKLTF
CSVEERVRGGEQYF	CSVEERVWGGEQYF
CASSRLGASAETLYF	CASSRMGASAETLYF
CASSIVQGPYNEQFF	CASSIVTGPYNEQFF
CASGGDSSAETLYF	CASSGDSSAETLYF
CAVSDNYAQGLTF	CAVSYNYAQGLTF
CSARAGLNNEQFF	CSARQGLNNEQFF
CASSDRQNTEAFF	CASSTRQNTEAFF
CASSFQGFTEAFF	CASSFQGYTEAFF
CASSIRTGGYNYAEQFF	CASSPRTGGYNYAEQFF
CASSLSRNSNQPQYF	CASSLSRVSNQPQYF
CALSGSNTNKVVF	CALSRSNTNKVVF
CAVSDNYAQGLTF	CAVSTNYAQGLTF
CASSIRSTGELFF	CASSISSTGELFF
CASSIRAAETQYF	CASSIRAGETQYF
CAASDSNNRIFF	CAASNSNNRIFF
CASPGTQVVGQLTF	CATPGTQVVGQLTF
CAIRAGGDEQFF	CAIRTGGDEQFF
CASSLNRGSNQPQYF	CASSLRRGSNQPQYF
CARSELASGTDTQYF	CASSELASGTDTQYF
CASSWGGGSNYGYTF	CASSWGQGSNYGYTF
CASSEGLQEVFF	CASSEGSQEVFF
CASSLSGQLDTQYF	CASSQSGQLDTQYF
CASSVAGGDEQFF	CASSVAGGDEQYF
CAVSENYAQGLTF	CAVSHNYAQGLTF
CASSGQDYGYTF	CASSGQLYGYTF
CALGEGSNYQLIW	CALGGGSNYQLIW
CAVSDNYAQGLTF	CAVSNNYAQGLTF
CASSMGANTEVFF	CASSWGANTEVFF
CASSKDSAETLYF	CASSPDSAETLYF
CASSLVRGSNQPQYF	CASSLYRGSNQPQYF
CASSSRSGELFF	CASSSRTGELFF
CASSQSTGELFF	CASSRSTGELFF
CASSKGDYAEQFF	CASSPGDYAEQFF
CASSGQDYGYTF	CASSGQGYGYTF
CAVSDNYAQGLTF	CAVSENYAQGLTF
CASRSGTSNTGELFF	CASRTGTSNTGELFF
CASSDAGTGDYEQYF	CASSVAGTGDYEQYF
CASSGRSTGELFF	CASSVRSTGELFF
CASSLFRGSNQPQYF	CASSLNRGSNQPQYF
CAGAGSQGNLIF	CAGGGSQGNLIF
CASSLDLGSTEAFF	CASSPDLGSTEAFF
CASSLTAGNNCGYTF	CASSLTAGNNYGYTF
CASSLSRVSNQPQYF	CASSLTRVSNQPQYF
CASSFGGNSNQPQYF	CASSGGGNSNQPQYF
CALSASNTNKVVF	CALSRSNTNKVVF
CASSPGTTYEQYF	CASSTGTTYEQYF
CSVGSGGTNEKLFF	CSVGTGGTNEKLFF
CASSIVNEQFF	CASSSVNEQFF
CALPGTQVVGQLTF	CASPGTQVVGQLTF
CASSQGSYEQYF	CASSYGSYEQYF
CASSLSRGSNQPQYF	CASSLSRQSNQPQYF
CASSGLAGGMDEQFF	CASSRLAGGMDEQFF
CAGPRETSYDKVIF	CAGPRKTSYDKVIF
CVLSHYGSSGNKLIF	CVLSLYGSSGNKLIF
CASSARSTGELFF	CASSLRSTGELFF
CASSLRQYSNQPQYF	CASSLSQYSNQPQYF
CASGGRDSAETLYF	CASGGTDSAETLYF
CASSARTGELFF	CASSPRTGELFF
CASSPGRLSHEQFF	CASSPGRTSHEQFF
CASSLARDEQYF	CASSRARDEQYF
CASSISRTSNQPQYF	CASSLSRTSNQPQYF
CASSEVGQLETQYF	CASSLVGQLETQYF
CALTNYGSSGNKLIF	CAMTNYGSSGNKLIF
CASSEPDSAETLYF	CASSLPDSAETLYF
CASSLGRASNQPQYF	CASSLGRNSNQPQYF
CSARDGTGNGYTF	CSARDRTGNGYTF
CASSPLGSSAETLYF	CASSSLGSSAETLYF
CASSENGNSNQPQYF	CASSEQGNSNQPQYF
CSARAGVGNTIYF	CSARTGVGNTIYF
CASSQSPGGEQYF	CASSQSPGGTQYF
CASSEGREQYF	CASSFGREQYF
CASSLIEYSNQPQYF	CASSLLEYSNQPQYF
CASSTESAETLYF	CASSTGSAETLYF
CASSIGSEQFF	CASSIGSEQYF
CATDEAGRRALTF	CATDVAGRRALTF
CTCSGGTGGFNYAEQFF	CTCSSGTGGFNYAEQFF
CASSLVGPPGEAFF	CASSLVGPPGELFF
CASSNRQGGTGELFF	CASSPRQGGTGELFF
CASSGRDSAETLYF	CASSPRDSAETLYF
CASSLERTSNQPQYF	CASSLSRTSNQPQYF
CASSEDRNEQFF	CASSLDRNEQFF
CASSLTSATGELFF	CASSRTSATGELFF
CASSSANYGYTF	CASSSAYYGYTF
CAVSANYAQGLTF	CAVSLNYAQGLTF
CALSGSTDSWGKLQF	CALSGTTDSWGKLQF
CALPGTQVVGQLTF	CATPGTQVVGQLTF
CASSLGANTIYF	CASSLGLNTIYF
CASSDARTTEVFF	CASSDHRTTEVFF
CAASKYGSSGNKLIF	CAASSYGSSGNKLIF
CASSFGGAPLF	CASSFGQAPLF
CASSPTGVAEQFF	CASSPTGVGEQFF
CASSFGTESNQPQHF	CASSFVTESNQPQHF
CASRAGTSNTGELFF	CASRSGTSNTGELFF
CAASKGSNNRIFF	CAASRGSNNRIFF
CASSFGGAPLF	CASSWGGAPLF
CASSLGQGTYEQYF	CASSLVQGTYEQYF
CASSPGTGGYNYAEQFF	CASSSGTGGYNYAEQFF
CASSLSFGTEAFF	CASSWSFGTEAFF
CASSPRTGELFF	CASSYRTGELFF
CAVMSNYAQGLTF	CAVSSNYAQGLTF
CASSPGTEHGYTF	CASSPGTLHGYTF
CASSPDSAETLYF	CASSRDSAETLYF
CASRAGTSNTGELFF	CASRTGTSNTGELFF
CASSPDSAETLYF	CASSWDSAETLYF
CASSQEGTGSYEQYF	CASSQEGTYSYEQYF
CASTDSYGYTF	CASTGSYGYTF
CASSLSRISNQPQYF	CASSLSRVSNQPQYF
CASSARTSGGTDTQYF	CASSRRTSGGTDTQYF
CASSGDSAETLYF	CASSSDSAETLYF
CALGAGSNYQLIW	CALGLGSNYQLIW
CASGTGDSNQPQHF	CATGTGDSNQPQHF
CASRGGANTGQLYF	CASSGGANTGQLYF
CASSGDSAETLYF	CASSTDSAETLYF
CASSPHRNTEAFF	CASSPQRNTEAFF
CASSGGGNTGQLYF	CASSGGPNTGQLYF
CASSVVGDFRETQYF	CASSVVGDSRETQYF
CASSLNRQSNQPQYF	CASSLNRVSNQPQYF
CASSLDRNTGQLYF	CASSQDRNTGQLYF
CASSAGTGGYNYAEQFF	CASSYGTGGYNYAEQFF
CASGGSSAETLYF	CASSGSSAETLYF
CASSSAFYGYTF	CASSSANYGYTF
CASSPSGTPYEQYF	CASSPSGTPYERYF
CAASRYGSSGNKLIF	CAASTYGSSGNKLIF
CAYGDDKIIF	CAYRDDKIIF
CASSHDSAETLYF	CASSLDSAETLYF
CAVNHNYAQGLTF	CAVSHNYAQGLTF
CASSGGSAETLYF	CASSGSSAETLYF
CASSLDRVSNQPQYF	CASSRDRVSNQPQYF
CASSDDSAETLYF	CASSHDSAETLYF
CASSFSGLSNQPQYF	CASSFSGMSNQPQYF
CASSLSRMSNQPQYF	CASSLSRSSNQPQYF
CASSKDSAETLYF	CASSQDSAETLYF
CASSPGTAEAFF	CASSPGTDEAFF
CAVSENYAQGLTF	CAVSVNYAQGLTF
CAVQDLGTSGSRLTF	CAVQDLQTSGSRLTF
CASSLGRNSNQPQYF	CASSLNRNSNQPQYF
CASRGDSAETLYF	CASRGESAETLYF
CASSGLGGSAETLYF	CASSGLGTSAETLYF
CASSIVGEQFF	CASSIVNEQFF
CASSSGGEQYF	CASSTGGEQYF
CASSPGQTYEQYF	CASSPGTTYEQYF
CASSPRRGSNQPQYF	CASSPSRGSNQPQYF
CILSGGSNYKLTF	CVLSGGSNYKLTF
CTCSTGTGGFNYAEQFF	CTCSTGTGGFNYGEQFF
CASSDWGGGQNTLYF	CASSDWGGSQNTLYF
CASSIFGELFF	CASSVFGELFF
CASSLDRNEQFF	CASSWDRNEQFF
